# Y2kCat
ALTER TABLE db_version_ytdb CHANGE COLUMN 632_FIX_12289 633_FIX_12319 bit;
REPLACE INTO `db_version_ytdb` (`version`) VALUES ('633_FIX_12319');

# NeatElves
DELETE FROM `npc_vendor` WHERE `entry` = 17249 AND `item` = 33224;
DELETE FROM `npc_vendor` WHERE `entry` = 17249 AND `item` = 33225;
DELETE FROM `npc_vendor` WHERE `entry` = 17249 AND `item` = 35225;
DELETE FROM `npc_vendor` WHERE `entry` = 17249 AND `item` = 35226;
DELETE FROM `npc_vendor` WHERE `entry` = 17249 AND `item` = 38576;
UPDATE `creature_template` SET `npcflag`='1' WHERE `entry`=17249;
REPLACE INTO `creature` (`guid`, `id`, `map`, `spawnMask`, `phaseMask`, `modelid`, `equipment_id`, `position_x`, `position_y`, `position_z`, `orientation`, `spawntimesecs`, `spawndist`, `currentwaypoint`, `curhealth`, `curmana`, `MovementType`) VALUES
(6775, 17249, 0, 1, 1, 0, 0, -14397.3, 426.171, 7.88152, 5.95684, 300, 0, 0, 3052, 0, 0);
# UPDATE `item_template` SET `maxcount` = 1 WHERE `entry` in (23720,49343,39656,43599,39286,38050,34492,34493,25535,23713,30360,32588,13582,13583,13584,49287,56806);
UPDATE `creature_template` SET `ScriptName`='' WHERE `entry` in (17249,26583,26582);
DELETE FROM `creature` WHERE `id` = 5781;
DELETE FROM `creature` WHERE `id` = 3251;
DELETE FROM `creature` WHERE `id` = 9496;
DELETE FROM `creature` WHERE `id` = 9498;
DELETE FROM `creature_movement` WHERE `id` = 28509;
DELETE FROM `creature_template_spells` WHERE `entry` = 5781;
DELETE FROM `creature_template_spells` WHERE `entry` = 9496;
# acid & spell 
DELETE FROM `creature_template_spells` WHERE `entry` = 10317;
DELETE FROM `creature_template_spells` WHERE `entry` = 10318;
DELETE FROM `creature_template_spells` WHERE `entry` = 17993;
DELETE FROM `creature_template_spells` WHERE `entry` = 21548;
DELETE FROM `creature_template_spells` WHERE `entry` = 26583;
DELETE FROM `creature_template_spells` WHERE `entry` = 26582;
REPLACE INTO `pool_template` (`entry`, `max_limit`, `description`) VALUES ('14485', '15', 'Silithid Mound');
REPLACE INTO `pool_gameobject_template` (`id`, `pool_entry`, `chance`, `description`) VALUES ('3685', '14485', '0', 'Silithid Mound');
UPDATE `quest_template` SET `ReqSpellCast1`='0' WHERE `entry`='11637';
REPLACE INTO `db_script_string` (`entry`, `content_default`, `content_loc1`, `content_loc2`, `content_loc3`, `content_loc4`, `content_loc5`, `content_loc6`, `content_loc7`, `content_loc8`) VALUES ('2000000299', 'I feel... different.', NULL, NULL, NULL, NULL, NULL, NULL, NULL, NULL);
DELETE FROM `dbscripts_on_spell` WHERE `id` = 45607;
INSERT INTO `dbscripts_on_spell` (`id`, `delay`, `command`, `datalong`, `datalong2`, `buddy_entry`, `search_radius`, `data_flags`, `dataint`, `dataint2`, `dataint3`, `dataint4`, `x`, `y`, `z`, `o`, `comments`) VALUES
('45607', '1', '0', '0', '0', '25425', '5', '0', '2000000299', '0', '0', '0', '0', '0', '0', '0', 'q'),
('45607', '1', '8', '25425', '0', '0', '0', '0', '0', '0', '0', '0', '0', '0', '0', '0', 'quest complete 11637');
DELETE FROM `creature` WHERE `guid` = 24966;
UPDATE `creature` SET `MovementType`=2,`position_x`=-7895.314941, `position_y`=1891.944092,`position_z`=8.447455,`spawndist`=0 WHERE `guid`=24940;
DELETE FROM `creature_movement` WHERE `id`=24940;
INSERT INTO `creature_movement` (`id`,`point`,`position_x`,`position_y`,`position_z`) VALUES
(24940,1,-7895.314941,1891.944092,8.447455),
(24940,2,-7889.814453,1892.442139,6.512199),
(24940,3,-7875.850586,1893.292969,5.065457),
(24940,4,-7863.858398,1890.743408,3.855400),
(24940,5,-7851.287109,1884.620361,3.379698),
(24940,6,-7839.691406,1876.790527,3.826157),
(24940,7,-7826.647461,1865.424316,4.368514),
(24940,8,-7816.574219,1855.712524,3.208780),
(24940,9,-7807.453613,1847.762085,2.136624),
(24940,10,-7799.522461,1836.230225,2.907008),
(24940,11,-7789.064453,1822.204468,1.495795),
(24940,12,-7780.687500,1810.996704,-0.079978),
(24940,13,-7773.758301,1795.407227,2.095025),
(24940,14,-7770.189941,1781.901123,3.807251),
(24940,15,-7768.526855,1768.004028,3.786433),
(24940,16,-7767.317871,1754.062012,4.589085),
(24940,17,-7766.593750,1740.086060,5.127120),
(24940,18,-7766.543457,1722.587158,3.306771),
(24940,19,-7765.512207,1710.202515,2.194530),
(24940,20,-7756.119141,1696.762329,2.299271),
(24940,21,-7745.099121,1688.132690,5.269642),
(24940,22,-7734.173828,1679.384888,7.263340),
(24940,23,-7724.966797,1669.663940,7.202020),
(24940,24,-7715.616699,1659.246826,7.387191),
(24940,25,-7703.356445,1646.774414,7.689360),
(24940,26,-7693.303223,1637.030884,5.440024),
(24940,27,-7685.538086,1624.118042,5.128979),
(24940,28,-7677.588867,1612.681885,3.419049),
(24940,29,-7667.428711,1601.642334,1.248345),
(24940,30,-7656.230957,1593.253296,3.186309),
(24940,31,-7643.143066,1587.457275,5.195174),
(24940,32,-7628.659668,1587.804810,6.025109),
(24940,33,-7619.128906,1595.998901,5.355808),
(24940,34,-7613.072266,1608.582764,2.668371),
(24940,35,-7605.075684,1620.776611,2.568130),
(24940,36,-7599.562988,1634.706543,4.553499),
(24940,37,-7605.732422,1639.759155,2.198371),
(24940,38,-7610.278320,1628.909790,2.462519),
(24940,39,-7613.120605,1611.651123,2.589123),
(24940,40,-7617.356934,1598.347534,4.641613),
(24940,41,-7628.784180,1587.950806,6.064836),
(24940,42,-7639.729980,1589.783813,5.447087),
(24940,43,-7654.615723,1597.761353,3.670609),
(24940,44,-7663.443359,1606.836182,2.949980),
(24940,45,-7672.763672,1617.280640,4.842738),
(24940,46,-7684.707031,1630.059326,5.168031),
(24940,47,-7694.602051,1639.962524,5.923426),
(24940,48,-7707.055176,1652.256348,7.801556),
(24940,49,-7717.229004,1661.873413,7.195765),
(24940,50,-7727.743652,1671.116211,7.281052),
(24940,51,-7738.428711,1680.162109,6.843456),
(24940,52,-7751.823730,1691.423706,3.485293),
(24940,53,-7762.860352,1702.140625,1.730373),
(24940,54,-7768.805176,1716.334961,2.038195),
(24940,55,-7772.072754,1729.328857,3.194579),
(24940,56,-7773.440430,1746.756226,3.262704),
(24940,57,-7774.675293,1760.701538,1.454978),
(24940,58,-7775.765625,1778.149048,2.863208),
(24940,59,-7778.452637,1790.994507,2.010733),
(24940,60,-7783.087891,1807.865723,0.271067),
(24940,61,-7786.545410,1821.431396,0.923371),
(24940,62,-7790.598633,1838.451538,1.505119),
(24940,63,-7795.272461,1852.971802,1.468031),
(24940,64,-7804.368652,1867.914795,2.308474),
(24940,65,-7811.636719,1877.915405,5.278152),
(24940,66,-7824.912598,1887.686401,5.346197),
(24940,67,-7839.624512,1892.284058,2.934072),
(24940,68,-7856.468262,1895.142822,1.916823),
(24940,69,-7868.257324,1894.790161,4.164560),
(24940,70,-7885.666504,1893.007935,5.893253);
UPDATE `creature` SET `MovementType`=2, `position_x`=-7007.199219, `position_y`=1155.165649, `position_z`=10.367001,`spawndist`=0 WHERE `guid`=24950;
DELETE FROM `creature_movement` WHERE `id`=24950;
INSERT INTO `creature_movement` (`id`,`point`,`position_x`,`position_y`,`position_z`) VALUES
(24950,1,-7007.199219,1155.165649,10.367001),
(24950,2,-7013.322754,1146.656982,7.765337),
(24950,3,-7029.557129,1126.831177,0.441744),
(24950,4,-7042.741211,1124.151367,2.458173),
(24950,5,-7057.576172,1132.508423,1.796156),
(24950,6,-7066.061523,1144.144409,1.819798),
(24950,7,-7063.622559,1155.527222,0.355760),
(24950,8,-7057.280273,1162.759033,0.884041),
(24950,9,-7051.809082,1173.513184,0.766896),
(24950,10,-7053.896973,1184.036377,0.545792),
(24950,11,-7051.105469,1194.661133,0.349549),
(24950,12,-7054.485840,1205.540894,0.349985),
(24950,13,-7055.359375,1215.794434,0.349985),
(24950,14,-7049.322266,1223.330322,0.349985),
(24950,15,-7035.041992,1239.769531,0.358600),
(24950,16,-7025.624023,1250.415405,0.526597),
(24950,17,-7012.420410,1257.504395,0.411500),
(24950,18,-6993.685059,1258.257690,-0.058926),
(24950,19,-6976.384277,1260.632446,-0.220956),
(24950,20,-6954.655273,1267.109131,2.393948),
(24950,21,-6938.101074,1272.757690,3.474210),
(24950,22,-6923.599609,1283.566650,2.920597),
(24950,23,-6911.884277,1300.983032,5.251194),
(24950,24,-6895.383301,1327.812012,3.925846),
(24950,25,-6882.254395,1348.496704,2.143369),
(24950,26,-6869.834473,1369.613037,3.275267),
(24950,27,-6854.997559,1393.331299,3.114167),
(24950,28,-6840.753418,1417.390625,-0.766261),
(24950,29,-6827.396973,1441.993530,4.690745),
(24950,30,-6815.702148,1459.405029,4.718923),
(24950,31,-6802.099121,1479.763550,3.148716),
(24950,32,-6786.228027,1498.344238,4.406202),
(24950,33,-6756.861816,1533.071045,4.684423),
(24950,34,-6739.011719,1557.908691,5.224258),
(24950,35,-6719.190430,1577.632202,6.617586),
(24950,36,-6700.756348,1593.744507,7.824927),
(24950,37,-6688.981934,1615.776855,10.382424),
(24950,38,-6688.395020,1633.384277,9.874694),
(24950,39,-6695.491211,1645.041016,8.801991),
(24950,40,-6709.729004,1660.468872,7.372326),
(24950,41,-6717.024902,1672.027588,8.437102),
(24950,42,-6725.587402,1666.742920,6.688062),
(24950,43,-6749.216309,1660.499878,6.760650),
(24950,44,-6756.531250,1655.720703,5.885690),
(24950,45,-6751.630859,1649.907227,7.501710),
(24950,46,-6757.303223,1654.306396,5.651666),
(24950,47,-6760.314453,1646.274780,6.422415),
(24950,48,-6760.897949,1620.609009,6.122479),
(24950,49,-6754.945801,1604.433838,7.166245),
(24950,50,-6743.704590,1586.736206,6.590928),
(24950,51,-6734.563965,1566.877808,5.459243),
(24950,52,-6737.753906,1555.786255,5.394959),
(24950,53,-6751.723145,1512.513184,5.181065),
(24950,54,-6759.635742,1478.423706,4.751054),
(24950,55,-6770.013672,1446.814331,2.063652),
(24950,56,-6788.232910,1425.676392,3.310894),
(24950,57,-6800.025391,1396.515381,1.172720),
(24950,58,-6819.817383,1360.497070,4.872425),
(24950,59,-6843.601563,1330.235718,4.759835),
(24950,60,-6865.066895,1302.607056,-0.134331),
(24950,61,-6882.897949,1276.647705,-0.666526),
(24950,62,-6899.618164,1249.951416,1.992437),
(24950,63,-6911.325195,1233.318115,2.319501),
(24950,64,-6921.393555,1211.509766,2.345217),
(24950,65,-6924.643066,1190.791016,2.364320),
(24950,66,-6928.015137,1159.474487,3.196892),
(24950,67,-6936.601563,1143.801880,4.415056),
(24950,68,-6943.562012,1128.777466,3.058245),
(24950,69,-6949.626465,1108.707520,0.427855),
(24950,70,-6964.038086,1089.657227,2.763069),
(24950,71,-6987.258301,1082.670776,4.084322),
(24950,72,-7012.456055,1093.988525,1.606724),
(24950,73,-7026.307129,1108.785156,2.950602),
(24950,74,-7021.941406,1133.171997,1.929922),
(24950,75,-7013.507813,1146.713501,7.749496);
UPDATE `creature` SET `MovementType`=2, `position_x`=-7970.898438, `position_y`=1507.219971, `position_z`=-1.551867,`spawndist`=0 WHERE `guid`=23859;
DELETE FROM `creature_movement` WHERE `id`=23859;
INSERT INTO `creature_movement` (`id`,`point`,`position_x`,`position_y`,`position_z`) VALUES
(23859,1,-7970.898438,1507.219971,-1.551867),
(23859,2,-7943.037598,1493.791138,-6.626160),
(23859,3,-7918.484375,1468.855347,-5.768747),
(23859,4,-7894.920898,1446.878418,-9.586535),
(23859,5,-7887.063965,1414.645752,-4.758429),
(23859,6,-7879.735840,1375.461914,-8.273664),
(23859,7,-7863.913574,1348.840820,-6.652806),
(23859,8,-7839.481934,1331.171509,-9.644982),
(23859,9,-7799.420410,1305.002441,-5.837549),
(23859,10,-7775.251953,1267.372559,-4.494194),
(23859,11,-7796.921387,1231.137085,-4.357635),
(23859,12,-7814.783203,1204.887451,-0.534356),
(23859,13,-7823.562500,1158.288696,1.645526),
(23859,14,-7818.532227,1123.668945,0.376355),
(23859,15,-7803.921387,1086.932251,4.711929),
(23859,16,-7769.979980,1061.283813,1.140280),
(23859,17,-7748.981934,1029.688477,2.546784),
(23859,18,-7725.582031,994.818115,1.862588),
(23859,19,-7700.375977,961.477478,-1.844931),
(23859,20,-7660.693848,939.870605,0.607142),
(23859,21,-7628.968262,925.089294,0.414325),
(23859,22,-7594.459473,932.484253,1.851091),
(23859,23,-7550.452148,954.033569,0.911450),
(23859,24,-7519.019531,969.427917,1.444063),
(23859,25,-7476.106934,979.391663,2.042855),
(23859,26,-7428.556641,978.902710,3.131437),
(23859,27,-7390.671875,1013.550964,3.490367),
(23859,28,-7373.875977,1046.144897,4.743690),
(23859,29,-7364.927734,1093.089844,1.329022),
(23859,30,-7347.156250,1145.419922,1.288395),
(23859,31,-7364.325195,1159.787231,3.236028),
(23859,32,-7399.254395,1182.984497,1.843866),
(23859,33,-7429.508301,1202.897827,3.029610),
(23859,34,-7468.980469,1233.918945,3.407038),
(23859,35,-7511.831543,1250.466309,3.333737),
(23859,36,-7540.864258,1269.111328,6.091939),
(23859,37,-7555.662109,1299.827026,2.850513),
(23859,38,-7569.881348,1333.556763,3.011905),
(23859,39,-7598.235352,1373.451294,4.004597),
(23859,40,-7626.755371,1409.476685,3.858852),
(23859,41,-7655.338867,1460.769531,3.685694),
(23859,42,-7697.577637,1485.361694,4.425735),
(23859,43,-7728.651855,1513.852295,-0.668692),
(23859,44,-7740.848633,1555.398560,1.300065),
(23859,45,-7763.296875,1582.227173,-0.216693),
(23859,46,-7787.744629,1593.927979,2.871248),
(23859,47,-7832.063965,1601.147339,4.115499),
(23859,48,-7870.669434,1592.223389,2.563943),
(23859,49,-7908.875977,1561.901733,-2.734423),
(23859,50,-7932.152832,1528.089844,-0.895027),
(23859,51,-7946.883301,1508.120239,-6.629673);
UPDATE `creature` SET `MovementType`=2,`position_x`=-7803.758789,`position_y`=515.706482,`position_z`=-38.351662,`spawndist`=0 WHERE `guid`=52922;
DELETE FROM `creature_movement` WHERE `id`=52922;
INSERT INTO `creature_movement` (`id`,`point`,`position_x`,`position_y`,`position_z`) VALUES
(52922,1,-7803.758789,515.706482,-38.351662),
(52922,2,-7836.155762,493.625061,-35.266079),
(52922,3,-7853.409180,473.479858,-33.659664),
(52922,4,-7883.189941,436.889862,-32.837315),
(52922,5,-7902.391113,426.345123,-32.146542),
(52922,6,-7935.672852,417.698547,-30.542465),
(52922,7,-7962.825684,424.285736,-31.605789),
(52922,8,-7985.026367,438.749878,-30.173546),
(52922,9,-7990.209961,447.782166,-30.206039),
(52922,10,-7990.671387,458.651367,-30.272879),
(52922,11,-7981.745117,472.982819,-28.886236),
(52922,12,-7978.358398,486.361145,-27.435070),
(52922,13,-7976.823730,500.482758,-29.771008),
(52922,14,-7969.692383,514.711243,-29.564129),
(52922,15,-7956.184570,519.753662,-29.493561),
(52922,16,-7947.121094,518.579346,-28.268650),
(52922,17,-7926.888184,512.964294,-30.582899),
(52922,18,-7906.528809,511.238007,-31.442280),
(52922,19,-7885.870117,513.818298,-32.604053),
(52922,20,-7865.162598,522.834473,-35.134956),
(52922,21,-7835.427246,536.469238,-35.256481),
(52922,22,-7811.894531,531.935547,-37.693974),
(52922,23,-7787.803223,517.669800,-39.175011),
(52922,24,-7758.233887,498.946594,-43.895679),
(52922,25,-7740.895020,487.130463,-44.247120),
(52922,26,-7724.676270,473.797882,-43.348301),
(52922,27,-7711.100098,466.066101,-42.162849),
(52922,28,-7693.685547,462.775269,-41.935429),
(52922,29,-7679.479980,465.434692,-42.725754),
(52922,30,-7671.343750,477.136871,-43.937260),
(52922,31,-7670.163086,492.271149,-43.557579),
(52922,32,-7676.005371,503.306671,-42.504585),
(52922,33,-7687.912598,517.063599,-42.958843),
(52922,34,-7706.184570,525.815552,-43.932297),
(52922,35,-7718.318848,525.054443,-43.541885),
(52922,36,-7751.656738,514.520874,-43.412769),
(52922,37,-7778.547363,507.991516,-41.380962);
INSERT INTO `pool_template` SET `entry`=140, `max_limit`=1, `description`='NPC 28083';
INSERT INTO `pool_creature` SET `guid`=111448, `pool_entry`=140, `chance`=0, `description`='NPC 28083';
UPDATE `creature` SET `phaseMask`='1', `spawntimesecs`='600' WHERE `guid`=111448;
UPDATE `pool_creature` SET `pool_entry`='140', `description`='NPC 28083' WHERE `guid`=97158;
UPDATE `pool_creature` SET `pool_entry`='140', `description`='NPC 28083' WHERE `guid`=97159;
UPDATE `pool_creature` SET `pool_entry`='140', `description`='NPC 28083' WHERE `guid`=97160;
UPDATE `pool_template` SET `description` = 'NPC 61' WHERE `entry` = 1244;
UPDATE `pool_template` SET `description` = 'NPC 462' WHERE `entry` = 1245;
UPDATE `pool_template` SET `description` = 'NPC 521' WHERE `entry` = 1246;
UPDATE `pool_template` SET `description` = 'NPC 534' WHERE `entry` = 1247;
UPDATE `pool_template` SET `description` = 'NPC 572' WHERE `entry` = 1248;
UPDATE `pool_template` SET `description` = 'NPC 573' WHERE `entry` = 1249;
UPDATE `pool_template` SET `description` = 'NPC 947' WHERE `entry` = 1250;
UPDATE `pool_template` SET `description` = 'NPC 1137' WHERE `entry` = 1251;
UPDATE `pool_template` SET `description` = 'NPC 1944' WHERE `entry` = 1253;
UPDATE `pool_template` SET `description` = 'NPC 2186' WHERE `entry` = 1254;
UPDATE `pool_template` SET `description` = 'NPC 2751' WHERE `entry` = 1257;
UPDATE `pool_template` SET `description` = 'NPC 2752' WHERE `entry` = 1258;
UPDATE `pool_template` SET `description` = 'NPC 2753' WHERE `entry` = 1259;
UPDATE `pool_template` SET `description` = 'NPC 2850' WHERE `entry` = 1260;
UPDATE `pool_template` SET `description` = 'NPC 3056' WHERE `entry` = 1261;
UPDATE `pool_template` SET `description` = 'NPC 3295' WHERE `entry` = 1262;
UPDATE `pool_template` SET `description` = 'NPC 3581' WHERE `entry` = 1263;
UPDATE `pool_template` SET `description` = 'NPC 4015' WHERE `entry` = 1264;
UPDATE `pool_template` SET `description` = 'NPC 4030' WHERE `entry` = 1265;
UPDATE `pool_template` SET `description` = 'NPC 4132' WHERE `entry` = 1266;
UPDATE `pool_template` SET `description` = 'NPC 5345' WHERE `entry` = 1267;
UPDATE `pool_template` SET `description` = 'NPC 5352' WHERE `entry` = 1268;
UPDATE `pool_template` SET `description` = 'NPC 5400' WHERE `entry` = 1269;
UPDATE `pool_template` SET `description` = 'NPC 5786' WHERE `entry` = 1270;
UPDATE `pool_template` SET `description` = 'NPC 5823' WHERE `entry` = 1271;
UPDATE `pool_template` SET `description` = 'NPC 5837' WHERE `entry` = 1273;
UPDATE `pool_template` SET `description` = 'NPC 6118' WHERE `entry` = 1274;
UPDATE `pool_template` SET `description` = 'NPC 6581' WHERE `entry` = 1275;
UPDATE `pool_template` SET `description` = 'NPC 6648' WHERE `entry` = 1276;
UPDATE `pool_template` SET `description` = 'NPC 6652' WHERE `entry` = 1277;
UPDATE `pool_template` SET `description` = 'NPC 7015' WHERE `entry` = 1278;
UPDATE `pool_template` SET `description` = 'NPC 7016' WHERE `entry` = 1279;
UPDATE `pool_template` SET `description` = 'NPC 8201' WHERE `entry` = 1280;
UPDATE `pool_template` SET `description` = 'NPC 8202' WHERE `entry` = 1281;
UPDATE `pool_template` SET `description` = 'NPC 8207' WHERE `entry` = 1282;
UPDATE `pool_template` SET `description` = 'NPC 8212' WHERE `entry` = 1284;
UPDATE `pool_template` SET `description` = 'NPC 8213' WHERE `entry` = 1285;
UPDATE `pool_template` SET `description` = 'NPC 8214' WHERE `entry` = 1286;
UPDATE `pool_template` SET `description` = 'NPC 8219' WHERE `entry` = 1287;
UPDATE `pool_template` SET `description` = 'NPC 8277' WHERE `entry` = 1288;
UPDATE `pool_template` SET `description` = 'NPC 8279' WHERE `entry` = 1289;
UPDATE `pool_template` SET `description` = 'NPC 8281' WHERE `entry` = 1290;
UPDATE `pool_template` SET `description` = 'NPC 8283' WHERE `entry` = 1291;
UPDATE `pool_template` SET `description` = 'NPC 8302' WHERE `entry` = 1294;
UPDATE `pool_template` SET `description` = 'NPC 8503' WHERE `entry` = 1295;
UPDATE `pool_template` SET `description` = 'NPC 8981' WHERE `entry` = 1299;
UPDATE `pool_template` SET `description` = 'NPC 10077' WHERE `entry` = 1300;
UPDATE `pool_template` SET `description` = 'NPC 10078' WHERE `entry` = 1301;
UPDATE `pool_template` SET `description` = 'NPC 10197' WHERE `entry` = 1302;
UPDATE `pool_template` SET `description` = 'NPC 10200' WHERE `entry` = 1303;
UPDATE `pool_template` SET `description` = 'NPC 10356' WHERE `entry` = 1304;
UPDATE `pool_template` SET `description` = 'NPC 10559' WHERE `entry` = 1305;
UPDATE `pool_template` SET `description` = 'NPC 10640' WHERE `entry` = 1306;
UPDATE `pool_template` SET `description` = 'NPC 10821' WHERE `entry` = 1309;
UPDATE `pool_template` SET `description` = 'NPC 10824' WHERE `entry` = 1310;
UPDATE `pool_template` SET `description` = 'NPC 10825' WHERE `entry` = 1311;
UPDATE `pool_template` SET `description` = 'NPC 10826' WHERE `entry` = 1312;
UPDATE `pool_template` SET `description` = 'NPC 10827' WHERE `entry` = 1313;
UPDATE `pool_template` SET `description` = 'NPC 12037' WHERE `entry` = 1314;
UPDATE `pool_template` SET `description` = 'NPC 12431' WHERE `entry` = 1315;
UPDATE `pool_template` SET `description` = 'NPC 12432' WHERE `entry` = 1316;
UPDATE `pool_template` SET `description` = 'NPC 14222' WHERE `entry` = 1317;
UPDATE `pool_template` SET `description` = 'NPC 14224' WHERE `entry` = 1318;
UPDATE `pool_template` SET `description` = 'NPC 14227' WHERE `entry` = 1319;
UPDATE `pool_template` SET `description` = 'NPC 14228' WHERE `entry` = 1320;
UPDATE `pool_template` SET `description` = 'NPC 14229' WHERE `entry` = 1321;
UPDATE `pool_template` SET `description` = 'NPC 14230' WHERE `entry` = 1322;
UPDATE `pool_template` SET `description` = 'NPC 14233' WHERE `entry` = 1323;
UPDATE `pool_template` SET `description` = 'NPC 14237' WHERE `entry` = 1324;
UPDATE `pool_template` SET `description` = 'NPC 14268' WHERE `entry` = 1325;
UPDATE `pool_template` SET `description` = 'NPC 14269' WHERE `entry` = 1326;
UPDATE `pool_template` SET `description` = 'NPC 14271' WHERE `entry` = 1327;
UPDATE `pool_template` SET `description` = 'NPC 14272' WHERE `entry` = 1328;
UPDATE `pool_template` SET `description` = 'NPC 14279' WHERE `entry` = 1329;
UPDATE `pool_template` SET `description` = 'NPC 14280' WHERE `entry` = 1330;
UPDATE `pool_template` SET `description` = 'NPC 14281' WHERE `entry` = 1331;
UPDATE `pool_template` SET `description` = 'NPC 14339' WHERE `entry` = 1332;
UPDATE `pool_template` SET `description` = 'NPC 14344' WHERE `entry` = 1334;
UPDATE `pool_template` SET `description` = 'NPC 14427' WHERE `entry` = 1335;
UPDATE `pool_template` SET `description` = 'NPC 14430' WHERE `entry` = 1336;
UPDATE `pool_template` SET `description` = 'NPC 14472' WHERE `entry` = 1337;
UPDATE `pool_template` SET `description` = 'NPC 14476' WHERE `entry` = 1338;
UPDATE `pool_template` SET `description` = 'NPC 14490' WHERE `entry` = 1341;
UPDATE `pool_template` SET `description` = 'NPC 17144' WHERE `entry` = 1342;
UPDATE `pool_template` SET `description` = 'NPC 18677' WHERE `entry` = 1344;
UPDATE `pool_template` SET `description` = 'NPC 18678' WHERE `entry` = 1345;
UPDATE `pool_template` SET `description` = 'NPC 18679' WHERE `entry` = 1346;
UPDATE `pool_template` SET `description` = 'NPC 18680' WHERE `entry` = 1347;
UPDATE `pool_template` SET `description` = 'NPC 18681' WHERE `entry` = 1348;
UPDATE `pool_template` SET `description` = 'NPC 18684' WHERE `entry` = 1350;
UPDATE `pool_template` SET `description` = 'NPC 18685' WHERE `entry` = 1351;
UPDATE `pool_template` SET `description` = 'NPC 18686' WHERE `entry` = 1352;
UPDATE `pool_template` SET `description` = 'NPC 18690' WHERE `entry` = 1353;
UPDATE `pool_template` SET `description` = 'NPC 18692' WHERE `entry` = 1354;
UPDATE `pool_template` SET `description` = 'NPC 18693' WHERE `entry` = 1355;
UPDATE `pool_template` SET `description` = 'NPC 18694' WHERE `entry` = 1356;
UPDATE `pool_template` SET `description` = 'NPC 18695' WHERE `entry` = 1357;
UPDATE `pool_template` SET `description` = 'NPC 18696' WHERE `entry` = 1358;
UPDATE `pool_template` SET `description` = 'NPC 18697' WHERE `entry` = 1359;
UPDATE `pool_template` SET `description` = 'NPC 18698' WHERE `entry` = 1360;
UPDATE `pool_template` SET `description` = 'NPC 22060' WHERE `entry` = 1362;
UPDATE `pool_template` SET `description` = 'NPC 32435' WHERE `entry` = 1364;
UPDATE `pool_template` SET `description`='Master pool' WHERE `entry` in (4783,4784,4785,4786,4787,4788,4789,4790,4791,4792,4793,4794,4795,4796,4797,4798,4799,4800,4801,4802,4803,4804,4805,4806,4807,4808,4809,4810,4811,4812,4813,4814,4815,4816,4817,4818,4819,4820,4821,4822,4823,4824,4825,4826,4827,4828,4829,4830,4831,4832,4833,4834,4835,4836,4837,4838,4839,4840,4841,4842,4843,4844,4845,4846,4847,4848,4849,4850,4851,4852,4853,4854,4855,4856,4857,4858,4859,4860,4861,4862,4863,4864,4865,4866,4867,4868,4869,4870,4871,4872,4873,4874,4875,4876,4877,4878,4879,4880,4881,4882,4883,4884,4885,4886,4887,4888,4889,4890,4891,4892,4893,4894,4895,4896,4897,4898,4899,4900,4901,4902,4903,4904,4905,4906,4907,4908,4909,4910,4911,4912,4913,4914,4915,4916,4917,4918,4919,4920,4921,4922,4923,4924,4925,4926,4927,4928,4929,4930,4931,4932,4933,4934,4935,4936,4937,4938,4939,4940,4941,4942,4943,4944,4945,4946,4947,4948,4949,4950,4951,4952,4953,4954,4955,4956,4957,4958,4959,4960,4961,4962,4963,4964,4965,4966,4967,4968,4969,4970,4971,4972,4973,4974,4975,4976,4977,4978,4979,4980,4981,4982,4983,4984,4985,4986,4987,4988,4989,4990,4991,4992,4993,4994,4995,4996,4997,4998,4999,5000,5001,5002,5003,5004,5005,5006,5007,5008,5009,5010,5011,5012,5013,5014,5015,5016,5017,5018,5019,5020,5021,5022,5023,5024,5025,5026,5027,5028,5029,5030,5031,5032,5033,5034,5035,5036,5037,5038,5039,5040,5041,5042,5043,5044,5045,5046,5047,5048,5049,5050,5051,5052,5053,5054,5055,5056,5057,5058,5059,5060,5061,5062,5063,5064,5065,5066,5067,5068,5069,5070,5071,5072,5073,5074,5075,5076,5077,5078,5079,5080,5081,5082,5083,5084,5085,5086,5087,5088,5089,5090,5091,5092,5093,5094,5095,5096,5097,5098,5099,5100,5101,5102,5103,5104,5105,5106,5107,5108,5109,5110,5111,5112,5113,5114,5115,5116,5117,5118,5119,5120,5121,5122,5123,5124,5125,5126,5127,5128,5129,5130,5131,5132,5133,5134,5135,5136,5137,5138,5139,5140,5141,5142,5143,5144,5145,5146,5147,5148,5149,5150,5151,5152,5153,5154,5155,5156,5157,5158,5159,5160,5161,5162,5163,5164,5165,5166,5167,5168,5169,5170,5171,5172,5173,5174,5175,5176,5177,5178,5179,5180,5181,5182,5183,5184,5185,5186,5187,5188,5189,5190,5191,5192,5193,5194,5195,5196,5197,5198,5199,5200,5201,5202,5203,5204,5205,5206,5207,5208,5209,5210,5211,5212,5213,5214,5215,5216,5217,5218,5219,5220,5221,5222,5223,5224,5225,5226,5227,5228,5229,5230,5231,5232,5233,5234,5235,5236,5237,5238,5239,5240,5241,5242,5243,5244,5245,5246,5247,5248,5249,5250,5251,5252,5253,5254,5255,5256,5257,5258,5259,5260,5261,5262,5263,5264,5265,5266,5267,5268,5269,5270,5271,5272,5273,5274,5275,5276,5277,5278,5279,5280,5281,5282,5283,5284,5285,5286,5287,5288,5289,5290,5291,5292,5293,5294,5295,5296,5297,5298,5299,5300,5301,5302,5303,5304,5305,5306,5307,5308,5309,5310,5311,5312,5313,5314,5315,5316,5317,5318,5319,5320,5321,5322,5323,5324,5325,5326,5327,5328,5329,5330,5331,5332,5333,5334,5335,5336,5337,5338,5339,5340,5341,5342,5343,5344,5345,5346,5347,5348,5349,5350,5351,5352,5353,5354,5355,5356,5357,5358,5359,5360,5361,5362,5363,5364,5365,5366,5367,5368,5369,5370,5371,5372,5373,5374,5375,5376,5377,5378,5379,5380,5381,5382,5383,5384,5385,5386,5387,5388,5389,5390,5391,5392,5393,5394,5395,5396,5397,5398,5399,5400,5401,5402,5403,5404,5405,5406,5407,5408,5409,5410,5411,5412,5413,5414,5415,5416,5417,5418,5419,5420,5421,5422,5423,5424,5425,5426,5427,5428,5429,5430,5431,5432,5433,5434,5435,5436,5437,5438,5439,5440,5441,5442,5443,5444,5445,5446,5447,5448,5449,5450,5451,5452,5453,5454,5455,5456,5457,5458,5459,5460,5461,5462,5463,5464,5465,5466,5467,5468,5469,5470,5471,5472,5473,5474,5475,5476,5477,5478,5479,5480,5481,5482,5483,5484,5485,5486,5487,5488,5489,5490,5491,5492,5493,5494,5495,5496,5497,5498,5499,5500,5501,5502,5503,5504,5505,5506,5507,5508,5509,5510,5511,5512,5513,5514,5515,5516,5517,5518,5519,5520,5521,5522,5523,5524,5525,5526,5527,5528,5529,5530,5531,5532,5533,5534,5535,5536,5537,5538,5539,5540,5541,5542,5543,5544,5545,5546,5547,5548,5549,5550,5551,5552,5553,5554,5555,5556,5557,5558,5559,5560,5561,5562,5563,5564,5565,5566,5567,5568,5569,5570,5571,5572,5573,5574,5575,5576,5577,5578,5579,5580,5581,5582,5583,5584,5585,5586,5587,5588,5589,5590,5591,5592,5593,5594,5595,5596,5597,5598,5599,5600,5601,5602,5603,5604,5605,5606,5607,5608,5609,5610,5611,5612,5613,5614,5615,5616,5617,5618,5619,5620,5621,5622,5623,5624,5625,5626,5627,5628,5629,5630,5631,5632,5633,5634,5635,5636,5637,5638,5639,5640,5641,5642,5643,5644,5645,5646,5647,5648,5649,5650,5651,5652,5653,5654,5655,5656,5657,5658,5659,5660,5661,5662,5663,5664,9122,9123,9124,9125,9126,9127,9128,9129,9130,9131,9132,9133,9134,9135,9136,9137,9138,9139,9140,9141,9142,9143,9144,9145,9146,9147,9148,9149,9150,9151,9152,9153,9154,9155,9156,9157,9158,9159,9160,9161,9162,9163,9164,9165,9166,9167,9168,9169,9170,9171,9172,9173,9174,9175,9176,9177,9178,9179,9180,9181,9182,9183,9184,9185,9186,9187,9188,9189,9190,9191,9192,9193,9194,9195,9196,9197,9198,9199,9200,9201,9202,9203,9204,9205,9206,9207,9208,9209,9210,9211,9212,9213,9214,9215,9216,9217,9218,9219,9220,9221,9222,9223,9224,9225,9226,9227,9228,9229,9230,9231,9232,9233,9234,9235,9236,9237,9238,9239,9240,9241,9242,9243,9244,9245,9246,9247,9248,9249,9250,9251,9252,9253,9254,9255,9256,9257,9258,9259,9260,9261,9262,9263,9264,9265,9266,9267,9268,9269,9270,9271,9272,9273,9274,9275,9276,9277,9278,9279,9280,9281,9282,9283,9284,9285,9286,9287,9288,9289,9290,9291,9292,9293,9294,9295,9296,9297,9298,9299,9300,9301,9302,9303,9304,9305,9306,9307,9308,9309,9310,9311,9312,9313,9314,9315,9316,9317,9318,9319,9320,9321,9322,9323,9324,9325,9326,9327,9328,9329,9330,9331,9332,9333,9334,9335,9336,9337,9338,9339,9340,9341,9342,9343,9344,9345,9346,9347,9348,9349,9350,9351,9352,9353,9354,9355,9356,9357,9358,9359,9360,9361,9362,9363,9364,9365,9366,9367,9368,9369,9370,9371,9372,9373,9374,9375,9376,9377,9378,9379,9380,9381,9382,9383,9384,9385,9386,9387,9388,9389,9390,9391,9392,9393,9394,9395,9396,9397,9398,9399,9400,9401,9402,9403,9404,9405,9406,9407,9408,9409,9410,9411,9412,9413,9414,9415,9416,9417,9418,9419,9420,9421,9422,9423,9424,9425,9426,9427,9428,9429,9430,9431,9432,9433,9434,9435,9436,9437,9438,9439,9440,9441,9442,9443,9444,9445,9446,9447,9448,9449,9450,9451,9452,9453,9454,9455,9456,9457,9458,9459,9460,9461,9462,9463,9464,9465,9466,9467,9468,9469,9470,9471,9472,9473,9474,9475,9476,9477,9478,9479,9480,9481,9482,9483,9484,9485,9486,9487,9488,9489,9490,9491,9492,9493,9494,9495,9496,9497,9498,9499,9500,9501,9502,9503,9504,9505,9506,9507,9508,9509,9510,9511,9512,9513,9514,9515,9516,9517,9518,9519,9520,9521,9522,9523,9524,9525,9526,9527,9528,9529,9530,9531,9532,9533,9534,9535,9536,9537,9538,9539,9540,9541,9542,9543,9544,9545,9546,9547,9548,9549,9550,9551,9552,9553,9554,9555,9556,9557,9558,9559,9560,9561,9562,9563,9564,9565,9566,9567,9568,9569,9570,9571,9572,9573,9574,9575,9576,9577,9578,9579,9580,9581,9582,9583,9584,9585,9586,9587,9588,9589,9590,9591,9592,9593,9594,9595,9596,9597,9598,9599,9600,9601,9602,9603,9604,9605,9606,9607,9608,9609,9610,9611,9612,9613,9614,9615,9616,9617,9618,9619,9620,9621,9622,9623,9624,9625,9626,9627,9628,9629,9630,9631,9632,9633,9634,9635,9636,9637,9638,9639,9640,9641,9642,9643,9644,9645,9646,9647,9648,9649,9650,9651,9652,9653,9654,9655,9656,9657,9658,9659,9660,9661,9662,9663,9664,9665,9666,9667,9668,9669,9670,9671,9672,9673,9674,9675,9676,9677,9678,9679,9680,9681,9682,9683,9684,9685,9686,9687,9688,9689,9690,9691,9692,9693,9694,9695,9696,9697,9698,9699,9700,9701,9702,9703,9704,9705,9706,9707,9708,9709,9710,9711,9712,9713,9714,9715,9716,9717,9718,9719,9720,9721,9722,9723,9724,9725,9726,9727,9728,9729,9730,9731,9732,9733,9734,9735,9736,9737,9738,9739,9740,9741,9742,9743,9744,9745,9746,9747,9748,9749,9750,9751,9752,9753,9754,9755,9756,9757,9758,9759,9760,9761,9762,9763,9764,9765,9766,9767,9768,9769,9770,9771,9772,9773,9774,9775,9776,9777,9778,9779,9780,9781,9782,9783,9784,9785,9786,9787,9788,9789,9790,9791,9792,9793,9794,9795,9796,9797,9798,9799,9800,9801,9802,9803,9804,9805,9806,9807,9808,9809,9810,9811,9812,9813,9814,9815,9816,9817,9818,9819,9820,9821,9822,9823,9824,9825,9826,9827,9828,9829,9830,9831,9832,9833,9834,9835,9836,9837,9838,9839,9840,9841,9842,9843,9844,9845,9846,9847,9848,9849,9850,9851,9852,9853,9854,9855,9856,9857,9858,9859,9860,9861,9862,9863,9864,9865,9866,13466,13467,13468,13469,13470,13471,13472,13473,13474,13475,13476,13477,13478,13479,13480,13481,13482,13483,13484,13485,13486,13487,13488,13489,13490,13491,13492,13493,13494,13495,13496,13497,13498,13499,13500,13501,13502,13503,13504,13505,13506,13507,13508,13509,13510,13511,13512,13513,13514,13515,13516,13517,13518,13519,13520,13521,13522,13523,13524,13525,13526,13527,13528,13529,13530,13531,13532,13533,13534,13535,13536,13537,13538,13539,13540,13541,13542,13543,13544,13545,13546,13547,13548,13549,13550,13551,13552,13553,13554,13555,13556,13557,13558,13559,13560,13561,13562,13563,13564,13565,13566,13567,13568,13569,13570,13571,13572,13573,13574,13575,13576,13577,13578,13579,13580,13581,13582,13583,13584,13585,13586,13587,13588,13589,13590,13591,13592,13593,13594,13595,13596,13597,13598,13599,13600,13601,13602,13603,13604,13605,13606,13607,13608,13609,13610,13611,13612,13613,13614,13615,13616,13617,13618,13619,13620,13621,13622,13623,13624,13625,13626,13627,13628,13629,13630,13631,13632,13633,13634,13635,13636,13637,13638,13639,13640,13641,13642,13643,13644,13645,13646,13647,13648,13649,13650,13651,13652,13653,13654,13655,13656,13657,13658,13659,13660,13661,13662,13663,13664,13665,13666,13667,13668,13669,13670);
UPDATE `creature` SET `MovementType`=2,`position_x`=-758.331299,`position_y`=132.166534,`position_z`=2.778328,`spawndist`=0 WHERE `guid`=34338;
DELETE FROM `creature_movement` WHERE `id`=34338;
INSERT INTO `creature_movement` (`id`,`point`,`position_x`,`position_y`,`position_z`) VALUES
(34338,1,-758.331299,132.166534,2.778328),
(34338,2,-779.039490,138.003098,-3.392812),
(34338,3,-801.729553,140.723877,-8.184513),
(34338,4,-817.906494,137.463898,-10.610684),
(34338,5,-830.671692,150.509171,-10.048956),
(34338,6,-824.121399,172.510635,-10.201122),
(34338,7,-824.764526,186.873199,-9.988710),
(34338,8,-831.982727,206.749084,-9.489987),
(34338,9,-844.890625,227.419128,-3.092471),
(34338,10,-857.643433,244.087906,8.022249),
(34338,11,-872.992188,266.185333,19.168064),
(34338,12,-882.134399,276.546539,22.082525),
(34338,13,-889.800964,296.096069,23.395178),
(34338,14,-902.934753,328.538361,23.222651),
(34338,15,-911.667236,347.622101,22.762335),
(34338,16,-920.617126,366.609924,17.728148),
(34338,17,-929.675842,385.545471,15.672112),
(34338,18,-939.391296,404.154327,17.809969),
(34338,19,-952.277527,430.414551,22.445030),
(34338,20,-962.798096,448.574280,27.889492),
(34338,21,-974.157043,466.224060,33.387161),
(34338,22,-986.256165,481.866150,36.911251),
(34338,23,-1009.331055,498.010986,39.317425),
(34338,24,-1028.780029,505.894989,38.973831),
(34338,25,-1050.176880,512.740112,37.666676),
(34338,26,-1067.730103,514.100281,36.464020),
(34338,27,-1088.434937,510.596375,33.673737),
(34338,28,-1109.123535,506.992828,31.172518),
(34338,29,-1136.632324,501.823212,24.153307),
(34338,30,-1156.810181,493.641083,17.238251),
(34338,31,-1171.157104,480.669556,11.453438),
(34338,32,-1185.964233,465.781128,6.865259),
(34338,33,-1207.324707,447.692993,5.389233),
(34338,34,-1218.004517,433.970886,4.800968),
(34338,35,-1233.591797,412.767426,3.494786),
(34338,36,-1231.269775,384.682373,-1.099372),
(34338,37,-1215.842285,369.726135,-1.821958),
(34338,38,-1195.579590,360.878784,4.173124),
(34338,39,-1176.721313,351.738220,10.693844),
(34338,40,-1156.654419,345.599243,15.725755),
(34338,41,-1130.640137,342.170074,22.589449),
(34338,42,-1102.557251,342.299896,31.515118),
(34338,43,-1080.748291,344.271393,37.185501),
(34338,44,-1064.598389,353.161041,35.431694),
(34338,45,-1040.972900,368.182465,32.022644),
(34338,46,-1023.555725,379.914581,27.822573),
(34338,47,-1006.352783,391.955780,24.177290),
(34338,48,-988.705933,402.575775,20.717924),
(34338,49,-969.883667,398.736816,17.409334),
(34338,50,-954.819580,383.869385,18.176464),
(34338,51,-940.532715,364.391052,19.092533),
(34338,52,-930.115662,346.157562,23.026438),
(34338,53,-914.620056,322.843170,27.801060),
(34338,54,-907.517029,307.239838,28.464359),
(34338,55,-899.405396,286.196198,28.664932),
(34338,56,-883.979919,262.894531,23.531834),
(34338,57,-875.788635,248.850708,16.680983),
(34338,58,-872.646851,221.030136,3.035634),
(34338,59,-869.936951,200.205719,-4.584671),
(34338,60,-865.188293,175.768646,-11.755344),
(34338,61,-856.970764,158.444336,-10.823591),
(34338,62,-840.617371,142.700714,-10.213431),
(34338,63,-819.317688,131.755249,-10.598165),
(34338,64,-794.494324,124.537750,-8.377938),
(34338,65,-769.618774,126.572906,-4.253401),
(34338,66,-751.691223,122.151276,0.485237),
(34338,67,-727.576599,116.421646,5.932970),
(34338,68,-701.033875,114.985733,7.786272);
UPDATE `creature` SET `MovementType`=2,`position_x`=-1891.590088,`position_y`=980.184692,`position_z`=90.829735,`spawndist`=0 WHERE `guid`=31132;
DELETE FROM `creature_movement` WHERE `id`=31132;
INSERT INTO `creature_movement` (`id`,`point`,`position_x`,`position_y`,`position_z`) VALUES
(31132,1,-1891.590088,980.184692,90.829735),
(31132,2,-1891.458496,956.675476,91.027580),
(31132,3,-1891.624878,946.563904,92.976524),
(31132,4,-1898.689453,936.942932,96.155182),
(31132,5,-1896.239990,928.439636,100.486923),
(31132,6,-1895.771118,926.325623,101.644440),
(31132,7,-1898.247803,913.548157,108.486610),
(31132,8,-1903.221069,906.490662,112.850449),
(31132,9,-1900.763306,901.097595,113.787796),
(31132,10,-1895.742065,893.227478,115.708855),
(31132,11,-1893.209839,883.200073,119.829475),
(31132,12,-1888.124268,877.533752,122.451233),
(31132,13,-1881.200928,876.302002,123.132965),
(31132,14,-1874.027710,875.738892,120.035500),
(31132,15,-1863.357178,872.131592,113.412071),
(31132,16,-1853.591919,866.042908,106.688286),
(31132,17,-1848.998535,861.435791,105.390579),
(31132,18,-1838.855347,859.845703,98.179382),
(31132,19,-1832.145508,857.384705,96.830002),
(31132,20,-1824.019287,851.966980,95.998306),
(31132,21,-1820.149292,845.271362,95.867393),
(31132,22,-1820.087524,837.699524,96.678963),
(31132,23,-1820.891357,829.095459,101.625664),
(31132,24,-1822.111328,821.425110,102.975616),
(31132,25,-1813.876953,816.177124,102.989807),
(31132,26,-1796.074097,809.767456,103.040268),
(31132,27,-1775.111328,808.607422,103.003746),
(31132,28,-1745.328003,812.193054,100.710617),
(31132,29,-1731.692627,815.352661,98.948845),
(31132,30,-1704.316528,821.220398,96.105034),
(31132,31,-1684.435303,827.895630,95.722160),
(31132,32,-1658.400269,838.199158,94.617905),
(31132,33,-1639.631348,847.562805,92.239937),
(31132,34,-1625.172974,862.494629,91.397324),
(31132,35,-1622.582153,879.298401,89.652138),
(31132,36,-1621.649536,904.026794,88.916763),
(31132,37,-1607.298218,909.740479,88.886688),
(31132,38,-1618.637207,899.038879,89.218735),
(31132,39,-1621.257446,882.686401,89.581314),
(31132,40,-1625.103271,866.434509,90.726997),
(31132,41,-1642.078247,846.703918,92.289513),
(31132,42,-1657.022583,841.595581,93.342613),
(31132,43,-1676.612915,834.048279,94.937180),
(31132,44,-1696.567139,827.531250,95.551430),
(31132,45,-1716.638916,821.356750,96.912285),
(31132,46,-1743.523560,813.593079,100.411209),
(31132,47,-1762.349976,810.495056,102.357765),
(31132,48,-1783.272583,809.470154,102.856506),
(31132,49,-1801.859985,812.414734,103.297623),
(31132,50,-1822.259888,821.903259,102.958633),
(31132,51,-1819.364502,837.597229,96.466019),
(31132,52,-1820.273804,844.711060,96.063477),
(31132,53,-1826.404053,854.782043,95.999260),
(31132,54,-1836.027832,861.635498,96.368958),
(31132,55,-1848.700195,864.365601,104.286652),
(31132,56,-1870.647461,871.074402,118.388863),
(31132,57,-1880.014038,876.556885,122.919815),
(31132,58,-1885.373779,877.127441,122.962570),
(31132,59,-1893.455322,880.086243,120.755325),
(31132,60,-1896.515259,889.165039,116.963913),
(31132,61,-1897.799316,898.470825,114.102051),
(31132,62,-1900.567505,904.286072,113.080307),
(31132,63,-1903.235352,908.120667,112.314278),
(31132,64,-1900.511353,914.542542,108.583321),
(31132,65,-1894.257202,927.594543,100.719864),
(31132,66,-1896.971069,937.240601,96.210007),
(31132,67,-1892.367676,945.632507,93.317879),
(31132,68,-1886.229248,960.514404,90.799576);
UPDATE `creature` SET `MovementType`=2,`position_x`=-1866.258911,`position_y`=1292.665039,`position_z`=90.267395,`spawndist`=0 WHERE `guid`=31299;
DELETE FROM `creature_movement` WHERE `id`=31299;
INSERT INTO `creature_movement` (`id`,`point`,`position_x`,`position_y`,`position_z`) VALUES
(31299,1,-1866.258911,1292.665039,90.267395),
(31299,2,-1886.374634,1289.152222,90.551041),
(31299,3,-1892.611328,1280.994873,91.166740),
(31299,4,-1908.316772,1257.842529,93.266472),
(31299,5,-1917.964233,1246.185059,92.404716),
(31299,6,-1931.856934,1230.453003,91.080635),
(31299,7,-1945.802490,1217.474487,90.822105),
(31299,8,-1953.053955,1205.906982,90.199371),
(31299,9,-1954.759521,1185.012451,90.546669),
(31299,10,-1960.632080,1162.009644,92.740318),
(31299,11,-1968.671509,1142.648438,92.969467),
(31299,12,-1975.597656,1123.311523,98.838661),
(31299,13,-1976.925781,1112.383911,100.757591),
(31299,14,-1978.639648,1091.477661,104.626518),
(31299,15,-1981.014648,1077.680664,108.600563),
(31299,16,-1981.231812,1093.783081,104.649025),
(31299,17,-1980.318115,1114.760254,100.730011),
(31299,18,-1977.647827,1135.578613,98.110054),
(31299,19,-1976.883911,1152.740601,92.612328),
(31299,20,-1972.871948,1168.429443,92.369759),
(31299,21,-1967.373779,1181.294678,91.924042),
(31299,22,-1956.891968,1199.446533,90.469025),
(31299,23,-1944.451538,1216.360474,90.741180),
(31299,24,-1935.247192,1226.884766,90.725029),
(31299,25,-1919.173584,1240.278442,91.884590),
(31299,26,-1910.415283,1250.672729,92.707100),
(31299,27,-1902.390259,1269.222412,93.079758),
(31299,28,-1882.762817,1289.113037,89.803139);
UPDATE `creature` SET `MovementType`=2,`position_x`=-1743.915527,`position_y`=1068.425781,`position_z`=91.268845,`spawndist`=0 WHERE `guid`=31593;
DELETE FROM `creature_movement` WHERE `id`=31593;
INSERT INTO `creature_movement` (`id`,`point`,`position_x`,`position_y`,`position_z`) VALUES
(31593,1,-1743.915527,1068.425781,91.268845),
(31593,2,-1736.558838,1082.173950,89.994659),
(31593,3,-1731.699097,1095.289185,90.883049),
(31593,4,-1722.143555,1114.410278,93.485123),
(31593,5,-1709.042358,1125.708862,89.139664),
(31593,6,-1699.357300,1128.252197,89.850990),
(31593,7,-1683.567871,1130.573364,93.404541),
(31593,8,-1667.459351,1123.953369,90.854866),
(31593,9,-1656.821899,1116.278931,90.431404),
(31593,10,-1646.577393,1106.751831,91.073830),
(31593,11,-1631.150879,1093.422852,91.403458),
(31593,12,-1621.821655,1082.984253,88.607735),
(31593,13,-1611.260376,1069.123901,90.329842),
(31593,14,-1604.194092,1057.039795,92.576813),
(31593,15,-1594.728149,1034.252197,88.385590),
(31593,16,-1595.609131,1021.981750,89.746979),
(31593,17,-1604.221924,1005.585327,90.266022),
(31593,18,-1615.037598,992.642090,90.368553),
(31593,19,-1631.977051,980.254822,90.305595),
(31593,20,-1647.029297,972.532104,90.763550),
(31593,21,-1666.543457,964.811646,93.425499),
(31593,22,-1679.549927,959.631775,91.412773),
(31593,23,-1699.294800,952.516907,90.277832),
(31593,24,-1717.125854,948.837036,90.326904),
(31593,25,-1738.984375,950.498413,91.433197),
(31593,26,-1759.411499,958.262085,92.419426),
(31593,27,-1769.315063,968.137329,92.924309),
(31593,28,-1783.742065,983.393127,95.142967),
(31593,29,-1792.408325,994.340515,93.971786),
(31593,30,-1800.310425,1011.053650,92.614510),
(31593,31,-1793.093384,1027.993652,91.870705),
(31593,32,-1772.457642,1046.897461,92.920769);
UPDATE `creature` SET `equipment_id` = 0 WHERE `id` = 18037;
DELETE FROM `creature_loot_template` WHERE (`entry`=37126) AND (`item`=49426);
DELETE FROM `creature_loot_template` WHERE (`entry`=38258) AND (`item`=49426);

# Fix
UPDATE `quest_template` SET `RewChoiceItemId1` = 31104, `RewChoiceItemId2` = 31109, `RewChoiceItemId3` = 31106, `RewChoiceItemId4` = 31110, `RewChoiceItemId5` = 31107, `RewChoiceItemId6` = 31105, `RewChoiceItemCount1` = 1, `RewChoiceItemCount2` = 1, `RewChoiceItemCount3` = 1, `RewChoiceItemCount4` = 1, `RewChoiceItemCount5` = 1, `RewChoiceItemCount6` = 1 WHERE `entry` = 10645;
#
REPLACE INTO `creature` (`guid`,`id`,`map`,`spawnMask`,`phaseMask`,`modelid`,`equipment_id`,`position_x`,`position_y`,`position_z`,`orientation`,`spawntimesecs`,`spawndist`,`currentwaypoint`,`curhealth`,`curmana`,`MovementType`) VALUES
(9222, 1279, 0, 1, 1, 0, 0, -5062.33, -2819.33, 327.467, 0.556077, 300, 0, 0, 1910, 0, 2);
DELETE FROM `creature_addon` WHERE (`guid`=9222);
REPLACE INTO `creature_movement` (id,point,position_x,position_y,position_z) VALUES ('9222', '35', '-4917.93', '-2735.47', '328.549');
REPLACE INTO `creature_movement` (id,point,position_x,position_y,position_z) VALUES ('9222', '34', '-4924.17', '-2740.74', '328.049');
REPLACE INTO `creature_movement` (id,point,position_x,position_y,position_z) VALUES ('9222', '33', '-4942.93', '-2757.03', '326.597');
REPLACE INTO `creature_movement` (id,point,position_x,position_y,position_z) VALUES ('9222', '32', '-4953.73', '-2765.19', '325.847');
REPLACE INTO `creature_movement` (id,point,position_x,position_y,position_z) VALUES ('9222', '31', '-4965.82', '-2771.82', '325.681');
REPLACE INTO `creature_movement` (id,point,position_x,position_y,position_z) VALUES ('9222', '30', '-4989.56', '-2782.11', '325.708');
REPLACE INTO `creature_movement` (id,point,position_x,position_y,position_z) VALUES ('9222', '29', '-5000.13', '-2787.29', '326.088');
REPLACE INTO `creature_movement` (id,point,position_x,position_y,position_z) VALUES ('9222', '28', '-5011.12', '-2791.75', '326.338');
REPLACE INTO `creature_movement` (id,point,position_x,position_y,position_z) VALUES ('9222', '27', '-5022.85', '-2797.01', '326.588');
REPLACE INTO `creature_movement` (id,point,position_x,position_y,position_z) VALUES ('9222', '26', '-5037.75', '-2806.09', '327.092');
REPLACE INTO `creature_movement` (id,point,position_x,position_y,position_z) VALUES ('9222', '25', '-5049.75', '-2813.56', '327.467');
REPLACE INTO `creature_movement` (id,point,position_x,position_y,position_z) VALUES ('9222', '24', '-5062.33', '-2819.33', '327.467');
REPLACE INTO `creature_movement` (id,point,position_x,position_y,position_z) VALUES ('9222', '23', '-5079.38', '-2825.85', '327.362');
REPLACE INTO `creature_movement` (id,point,position_x,position_y,position_z) VALUES ('9222', '22', '-5097.02', '-2830.69', '327.237');
REPLACE INTO `creature_movement` (id,point,position_x,position_y,position_z) VALUES ('9222', '21', '-5108.48', '-2833.38', '328.098');
REPLACE INTO `creature_movement` (id,point,position_x,position_y,position_z) VALUES ('9222', '20', '-5121.28', '-2834.46', '329.723');
REPLACE INTO `creature_movement` (id,point,position_x,position_y,position_z) VALUES ('9222', '19', '-5139.66', '-2838.25', '331.769');
REPLACE INTO `creature_movement` (id,point,position_x,position_y,position_z) VALUES ('9222', '18', '-5152.31', '-2841.23', '332.894');
REPLACE INTO `creature_movement` (id,point,position_x,position_y,position_z) VALUES ('9222', '17', '-5163.88', '-2843.81', '334.269');
REPLACE INTO `creature_movement` (id,point,position_x,position_y,position_z) VALUES ('9222', '16', '-5152.31', '-2841.23', '332.894');
REPLACE INTO `creature_movement` (id,point,position_x,position_y,position_z) VALUES ('9222', '15', '-5139.66', '-2838.25', '331.769');
REPLACE INTO `creature_movement` (id,point,position_x,position_y,position_z) VALUES ('9222', '14', '-5121.28', '-2834.46', '329.723');
REPLACE INTO `creature_movement` (id,point,position_x,position_y,position_z) VALUES ('9222', '13', '-5108.48', '-2833.38', '328.098');
REPLACE INTO `creature_movement` (id,point,position_x,position_y,position_z) VALUES ('9222', '12', '-5097.02', '-2830.69', '327.237');
REPLACE INTO `creature_movement` (id,point,position_x,position_y,position_z) VALUES ('9222', '11', '-5079.38', '-2825.85', '327.362');
REPLACE INTO `creature_movement` (id,point,position_x,position_y,position_z) VALUES ('9222', '10', '-5062.33', '-2819.33', '327.467');
REPLACE INTO `creature_movement` (id,point,position_x,position_y,position_z) VALUES ('9222', '9', '-5049.75', '-2813.56', '327.467');
REPLACE INTO `creature_movement` (id,point,position_x,position_y,position_z) VALUES ('9222', '8', '-5037.75', '-2806.09', '327.092');
REPLACE INTO `creature_movement` (id,point,position_x,position_y,position_z) VALUES ('9222', '7', '-5022.85', '-2797.01', '326.588');
REPLACE INTO `creature_movement` (id,point,position_x,position_y,position_z) VALUES ('9222', '6', '-5011.12', '-2791.75', '326.338');
REPLACE INTO `creature_movement` (id,point,position_x,position_y,position_z) VALUES ('9222', '5', '-5000.13', '-2787.29', '326.088');
REPLACE INTO `creature_movement` (id,point,position_x,position_y,position_z) VALUES ('9222', '4', '-4989.56', '-2782.11', '325.708');
REPLACE INTO `creature_movement` (id,point,position_x,position_y,position_z) VALUES ('9222', '3', '-4965.82', '-2771.82', '325.681');
REPLACE INTO `creature_movement` (id,point,position_x,position_y,position_z) VALUES ('9222', '2', '-4953.73', '-2765.19', '325.847');
REPLACE INTO `creature_movement` (id,point,position_x,position_y,position_z) VALUES ('9222', '1', '-4942.93', '-2757.03', '326.597');
REPLACE INTO `creature_movement` (id,point,position_x,position_y,position_z) VALUES ('9222', '36', '-4924.17', '-2740.74', '328.049');
#
DELETE FROM `creature` WHERE (`guid`=8096);

# NeatElves
UPDATE `creature_template` SET `ScriptName`='' WHERE `entry`=21877;
UPDATE `pool_creature_template` SET `description`='Glinting Dirt' WHERE `id`=28362;
UPDATE `pool_creature_template` SET `description`='Dust Devil' WHERE `id`=832;
UPDATE `pool_creature_template` SET `description`='The Abominable Greench' WHERE `id`=13602;
UPDATE `pool_creature_template` SET `description`='Proto-Drake Egg' WHERE `id`=23777;
UPDATE `pool_gameobject_template` SET `description` = 'Un''Goro Dirt Pile' WHERE `id` = 157936;
UPDATE `pool_gameobject_template` SET `description` = 'Dart''s Nest' WHERE `id` = 202080;
UPDATE `pool_gameobject_template` SET `description` = 'Darkspine Ore Chest' WHERE `id` = 187264;
UPDATE `pool_gameobject_template` SET `description` = 'Bloodberry Bush' WHERE `id` = 187333;
UPDATE `pool_gameobject_template` SET `description` = 'Cactus Apple' WHERE `id` = 171938;
UPDATE `pool_gameobject_template` SET `description` = 'Iron Rune Carving Tools' WHERE `id` = 186684;
UPDATE `pool_gameobject_template` SET `description` = 'Bleeding Hollow Supply Crate' WHERE `id` = 182265;
UPDATE `pool_gameobject_template` SET `description` = 'Infused Mushroom' WHERE `id` = 192818;
UPDATE `pool_gameobject_template` SET `description` = 'Underbelly Elixir' WHERE `id` = 193610;
UPDATE `pool_gameobject_template` SET `description` = 'Primitive Chest' WHERE `id` = 184793;
UPDATE `pool_gameobject_template` SET `description` = 'Raw Meat Rack' WHERE `id` = 181250;
UPDATE `pool_gameobject_template` SET `description` = 'Smoked Meat Rack' WHERE `id` = 181251;
UPDATE `pool_gameobject_template` SET `description` = 'Fresh Fish Rack' WHERE `id` = 181252;
UPDATE `pool_gameobject_template` SET `description` = 'Kil''sorrow Armaments' WHERE `id` = 182355;
UPDATE `pool_gameobject_template` SET `description` = 'K3 Equipment' WHERE `id` = 191568;
UPDATE `pool_gameobject_template` SET `description` = 'Takk''s Nest' WHERE `id` = 202081;
UPDATE `pool_gameobject_template` SET `description` = 'Razormaw Matriarch''s Nest' WHERE `id` = 202083;
UPDATE `pool_gameobject_template` SET `description` = 'Ravasaur Matriarch''s Nest' WHERE `id` = 202082;
UPDATE `pool_gameobject_template` SET `description` = 'Weapon Container' WHERE `id` = 181107;
UPDATE `pool_gameobject_template` SET `description` = 'Mature Spore Sac' WHERE `id` = 182069;
UPDATE `pool_gameobject_template` SET `description` = 'Glowcap' WHERE `id` = 182053;
UPDATE `pool_gameobject_template` SET `description` = 'Calcified Elven Gem' WHERE `id` = 2712;
UPDATE `pool_gameobject_template` SET `description` = 'Grishnath Orb' WHERE `id` = 182941;
UPDATE `pool_gameobject_template` SET `description` = 'Smuggled Mana Cell' WHERE `id` = 187039;
UPDATE `pool_gameobject_template` SET `description` = 'Hardpacked Snowdrift' WHERE `id` = 180654;
UPDATE `pool_gameobject_template` SET `description` = 'Winterfin Clam' WHERE `id` = 187367;
UPDATE `pool_gameobject_template` SET `description` = 'Volcanic Ash' WHERE `id` = 181098;
UPDATE `pool_gameobject_template` SET `description` = 'Dinosaur Bone' WHERE `id` = 161527;
UPDATE `pool_gameobject_template` SET `description` = 'Nethermine Cargo' WHERE `id` = 185939;
UPDATE `pool_gameobject_template` SET `description` = 'Feralfen Idol' WHERE `id` = 182139;
UPDATE `pool_gameobject_template` SET `description` = 'Scaber Stalk' WHERE `id` = 164;
UPDATE `pool_gameobject_template` SET `description` = 'Ancient Relic' WHERE `id` = 333;
UPDATE `pool_gameobject_template` SET `description` = 'Ancient Relic' WHERE `id` = 334;
UPDATE `pool_gameobject_template` SET `description` = 'Ancient Relic' WHERE `id` = 35252;
UPDATE `pool_gameobject_template` SET `description` = 'Water Pitcher' WHERE `id` = 337;
UPDATE `pool_gameobject_template` SET `description` = 'Fel Cone' WHERE `id` = 1673;
UPDATE `pool_gameobject_template` SET `description` = 'Sack of Oats' WHERE `id` = 2724;
UPDATE `pool_gameobject_template` SET `description` = 'Ambercor' WHERE `id` = 2912;
UPDATE `pool_gameobject_template` SET `description` = 'Well Stone' WHERE `id` = 2910;
UPDATE `pool_gameobject_template` SET `description` = 'Energy Isolation Cube' WHERE `id` = 183945;
UPDATE `pool_gameobject_template` SET `description` = 'Gahz''ridian' WHERE `id` = 140971;
UPDATE `pool_gameobject_template` SET `description` = 'Loose Rock' WHERE `id` = 186938;
UPDATE `pool_template` SET `description`='NPC 28362' WHERE `entry`=334;
UPDATE `pool_template` SET `description`='NPC 832' WHERE `entry`=335;
UPDATE `pool_template` SET `description`='NPC 13602' WHERE `entry`=9867;
UPDATE `pool_template` SET `description`='NPC 23777' WHERE `entry`=14361;
UPDATE `pool_template` SET `description`='GO=186684' WHERE `entry` = 1132;
UPDATE `pool_template` SET `description`='GO=187264' WHERE `entry` = 1129;
UPDATE `pool_template` SET `description`='GO=187333' WHERE `entry` = 1130;
UPDATE `pool_template` SET `description`='GO=171938' WHERE `entry` = 1131;
UPDATE `pool_template` SET `description`='GO=185939' WHERE `entry` = 1133;
UPDATE `pool_template` SET `description`='GO=182139' WHERE `entry` = 1227;
UPDATE `pool_template` SET `description`='GO=164' WHERE `entry` = 1228;
UPDATE `pool_template` SET `description`='GO=333' WHERE `entry` = 1229;
UPDATE `pool_template` SET `description`='GO=334' WHERE `entry` = 1230;
UPDATE `pool_template` SET `description`='GO=35252' WHERE `entry` = 1231;
UPDATE `pool_template` SET `description`='GO=337' WHERE `entry` = 1232;
UPDATE `pool_template` SET `description`='GO=1673' WHERE `entry` = 1233;
UPDATE `pool_template` SET `description`='GO=2724' WHERE `entry` = 1234;
UPDATE `pool_template` SET `description`='GO=2912' WHERE `entry` = 1235;
UPDATE `pool_template` SET `description`='GO=2910' WHERE `entry` = 1236;
UPDATE `pool_template` SET `description`='GO=140971' WHERE `entry` = 1241;
UPDATE `pool_template` SET `description`='GO=183945' WHERE `entry` = 1237;
UPDATE `pool_template` SET `description`='GO=186938' WHERE `entry` = 2686;
UPDATE `pool_template` SET `description`='GO=182265' WHERE `entry` = 13671;
UPDATE `pool_template` SET `description`='GO=192818' WHERE `entry` = 13672;
UPDATE `pool_template` SET `description`='GO=193610' WHERE `entry` = 13673;
UPDATE `pool_template` SET `description`='GO=184793' WHERE `entry` = 14135;
UPDATE `pool_template` SET `description`='GO=181250' WHERE `entry` = 14136;
UPDATE `pool_template` SET `description`='GO=181251' WHERE `entry` = 14137;
UPDATE `pool_template` SET `description`='GO=181252' WHERE `entry` = 14138;
UPDATE `pool_template` SET `description`='GO=182355' WHERE `entry` = 14139;
UPDATE `pool_template` SET `description`='GO=191568' WHERE `entry` = 14140;
UPDATE `pool_template` SET `description`='GO=157936' WHERE `entry` = 1102;
UPDATE `pool_template` SET `description`='GO=202080' WHERE `entry` = 1104;
UPDATE `pool_template` SET `description`='GO=202081' WHERE `entry` = 14141;
UPDATE `pool_template` SET `description`='GO=202083' WHERE `entry` = 14142;
UPDATE `pool_template` SET `description`='GO=202082' WHERE `entry` = 14143;
UPDATE `pool_template` SET `description`='GO=181107' WHERE `entry` = 14144;
UPDATE `pool_template` SET `description`='GO=182069' WHERE `entry` = 14145;
UPDATE `pool_template` SET `description`='GO=182053' WHERE `entry` = 14146;
UPDATE `pool_template` SET `description`='GO=2712' WHERE `entry` = 14148;
UPDATE `pool_template` SET `description`='GO=182941' WHERE `entry` = 14149;
UPDATE `pool_template` SET `description`='GO=187039' WHERE `entry` = 14150;
UPDATE `pool_template` SET `description`='GO=180654' WHERE `entry` = 14151;
UPDATE `pool_template` SET `description`='GO=187367' WHERE `entry` = 14152;
UPDATE `pool_template` SET `description`='GO=181098' WHERE `entry` = 14153;
UPDATE `pool_template` SET `description`='GO=161527' WHERE `entry` = 14154;
UPDATE `pool_template` SET `description`='GO=175324' WHERE `entry` = 14174;
UPDATE `pool_template` SET `description`='GO=194213' WHERE `entry` = 14175;
UPDATE `pool_template` SET `description`='GO=1610' WHERE `entry` = 14177;
UPDATE `pool_template` SET `description`='GO=2653' WHERE `entry` = 14179;
UPDATE `pool_template` SET `description`='GO=1667' WHERE `entry` = 14178;
UPDATE `pool_template` SET `description`='GO=186301' WHERE `entry` = 14344;
UPDATE `pool_template` SET `description`='GO=189992' WHERE `entry` = 14345;
UPDATE `pool_template` SET `description`='GO=2846' WHERE `entry` = 14346;
UPDATE `pool_template` SET `description`='GO=192676' WHERE `entry` = 14347;
UPDATE `pool_template` SET `description`='GO=182799' WHERE `entry` = 14354;
UPDATE `pool_template` SET `description`='GO=182936' WHERE `entry` = 14355;
UPDATE `pool_template` SET `description`='GO=176213' WHERE `entry` = 14356;
UPDATE `pool_template` SET `description`='GO=185182' WHERE `entry` = 14359;
UPDATE `pool_template` SET `description`='GO=185915' WHERE `entry` = 14360;
UPDATE `pool_template` SET `description`='GO=185877' WHERE `entry` = 14363;
UPDATE `pool_template` SET `description`='GO=188164' WHERE `entry` = 14364;
UPDATE `pool_template` SET `description`='GO=185911' WHERE `entry` = 14365;
UPDATE `pool_template` SET `description`='GO=2560' WHERE `entry` = 14366;
UPDATE `pool_template` SET `description`='GO=176224' WHERE `entry` = 14367;
UPDATE `pool_template` SET `description`='GO=153123' WHERE `entry` = 14368;
UPDATE `pool_template` SET `description`='GO=153556' WHERE `entry` = 14369;
UPDATE `pool_template` SET `description`='GO=184948' WHERE `entry` = 14370;
UPDATE `pool_template` SET `description`='GO=186591' WHERE `entry` = 14384;
UPDATE `pool_template` SET `description`='GO=182050' WHERE `entry` = 14407;
UPDATE `pool_template` SET `description`='GO=182031' WHERE `entry` = 14408;
UPDATE `pool_template` SET `description`='GO=182256' WHERE `entry` = 14409;
UPDATE `pool_template` SET `description`='GO=181981' WHERE `entry` = 14410;
UPDATE `pool_template` SET `description`='GO=188442' WHERE `entry` = 14412;
UPDATE `pool_template` SET `description`='GO=188441' WHERE `entry` = 14411;
UPDATE `pool_template` SET `description`='GO=182116' WHERE `entry` = 14413;
UPDATE `pool_template` SET `description`='GO=142189' WHERE `entry` = 14414;
UPDATE `pool_template` SET `description`='GO=17783' WHERE `entry` = 14427;
UPDATE `pool_template` SET `description`='GO=154357' WHERE `entry` = 14452;
UPDATE `pool_template` SET `description`='GO=179494' WHERE `entry` = 14453;
UPDATE `pool_template` SET `description`='GO=181283' WHERE `entry` = 14454;
UPDATE `pool_template` SET `description`='GO=19868' WHERE `entry` = 14455;
UPDATE `pool_template` SET `description`='GO=19869' WHERE `entry` = 14456;
UPDATE `pool_template` SET `description`='GO=19870' WHERE `entry` = 14457;
UPDATE `pool_template` SET `description`='GO=19871' WHERE `entry` = 14458;
UPDATE `pool_template` SET `description`='GO=19872' WHERE `entry` = 14459;
UPDATE `pool_template` SET `description`='GO=19873' WHERE `entry` = 14460;
UPDATE `pool_template` SET `description`='GO=164958' WHERE `entry` = 14461;
UPDATE `pool_template` SET `description`='GO=181665' WHERE `entry` = 14462;
UPDATE `pool_template` SET `description`='GO=184867' WHERE `entry` = 14468;
UPDATE `pool_template` SET `description`='GO=195022' WHERE `entry` = 14472;
UPDATE `pool_template` SET `description`='GO=182127' WHERE `entry` = 14482;
UPDATE `pool_template` SET `description`='GO=181696' WHERE `entry` = 14483;
UPDATE `pool_template` SET `description`='GO=181697' WHERE `entry` = 14484;
UPDATE `pool_template` SET `description`='GO=3685' WHERE `entry` = 14485;
UPDATE `pool_creature` SET `description` = 'NPC 32704' WHERE `guid`=128279;
UPDATE `pool_creature` SET `description` = 'NPC 32704' WHERE `guid`=114089;
UPDATE `pool_creature` SET `description` = 'NPC 32704' WHERE `guid`=114090;
UPDATE `pool_creature` SET `description` = 'NPC 32704' WHERE `guid`=114091;
UPDATE `pool_template` SET `description` = 'NPC 32704' WHERE `entry`=240;
UPDATE `pool_creature` SET `description` = 'NPC 33211' WHERE `guid` = 115927;
UPDATE `pool_creature` SET `description` = 'NPC 33211' WHERE `guid` = 115921; 
UPDATE `pool_creature` SET `description` = 'NPC 33211' WHERE `guid` = 129881;
UPDATE `pool_creature` SET `description` = 'NPC 33211' WHERE `guid` = 129880;
UPDATE `pool_creature` SET `description` = 'NPC 33211' WHERE `guid` = 115916;
UPDATE `pool_creature` SET `description` = 'NPC 33211' WHERE `guid` = 115917;
UPDATE `pool_creature` SET `description` = 'NPC 33211' WHERE `guid` = 115918;
UPDATE `pool_creature` SET `description` = 'NPC 33211' WHERE `guid` = 115919;
UPDATE `pool_creature` SET `description` = 'NPC 33211' WHERE `guid` = 115922;
UPDATE `pool_creature` SET `description` = 'NPC 33211' WHERE `guid` = 115923;
UPDATE `pool_creature` SET `description` = 'NPC 33211' WHERE `guid` = 115924;
UPDATE `pool_creature` SET `description` = 'NPC 33211' WHERE `guid` = 115925;
UPDATE `pool_creature` SET `description` = 'NPC 33211' WHERE `guid` = 115926;
UPDATE `pool_creature` SET `description` = 'NPC 33211' WHERE `guid` = 115920;
UPDATE `pool_creature` SET `description` = 'NPC 33224' WHERE `guid` = 127681;
UPDATE `pool_creature` SET `description` = 'NPC 33224' WHERE `guid` = 95325;
UPDATE `pool_creature` SET `description` = 'NPC 33224' WHERE `guid` = 94944;
UPDATE `pool_creature` SET `description` = 'NPC 33224' WHERE `guid` = 127680;
UPDATE `pool_creature` SET `description` = 'NPC 33224' WHERE `guid` = 127679;
UPDATE `pool_creature` SET `description` = 'NPC 33224' WHERE `guid` = 127678;
UPDATE `pool_creature` SET `description` = 'NPC 33224' WHERE `guid` = 99798;
UPDATE `pool_creature` SET `description` = 'NPC 33224' WHERE `guid` = 94950;
UPDATE `pool_creature` SET `description` = 'NPC 33224' WHERE `guid` = 94949;
UPDATE `pool_creature` SET `description` = 'NPC 33224' WHERE `guid` = 94948;
UPDATE `pool_creature` SET `description` = 'NPC 33224' WHERE `guid` = 94947;
UPDATE `pool_creature` SET `description` = 'NPC 33224' WHERE `guid` = 94946;
UPDATE `pool_creature` SET `description` = 'NPC 33224' WHERE `guid` = 94945;
UPDATE `pool_creature` SET `description` = 'NPC 33224' WHERE `guid` = 127682;
REPLACE INTO `game_event_gameobject` SELECT `guid`,'1' FROM `gameobject` WHERE `id`=187708;

# Chaosua
UPDATE `creature` SET `MovementType` = 0 WHERE `guid` = 123469;

# NeatElves
DELETE FROM conditions WHERE condition_entry IN (1807, 1808, 1809, 1810, 1811, 1812, 1813);
INSERT INTO conditions VALUES
(1807, 18, 0, 0),
(1808, 18, 1, 0),
(1809, 18, 2, 0),
(1810, 18, 3, 0),
(1811, 18, 4, 0),
(1812, -2, 1809, 1810),
(1813, -2, 1812, 1808);
DELETE FROM reference_loot_template WHERE entry in (33490,33497,33805);
INSERT INTO reference_loot_template VALUES
(33805, 33480, 0, 1, 1, 1, 0),
(33805, 33805, 0, 1, 1, 1, 0),
(33805, 33971, 0, 1, 1, 1, 0),
(33805, 33590, 0, 1, 1, 1, 0),
(33805, 33481, 0, 1, 1, 1, 0),
(33805, 33591, 0, 1, 1, 1, 0),
(33805, 33483, 0, 1, 1, 1, 0),
(33805, 33489, 0, 1, 1, 1, 0),
(33805, 33495, 0, 2, 1, 1, 0),
(33805, 33493, 0, 2, 1, 1, 0),
(33805, 33494, 0, 2, 1, 1, 0),
(33805, 33490, 0, 2, 1, 1, 0),
(33805, 33492, 0, 2, 1, 1, 0),
(33805, 33491, 0, 2, 1, 1, 0),
(33805, 33500, 0, 3, 1, 1, 0),
(33805, 33496, 0, 3, 1, 1, 0),
(33805, 33497, 0, 3, 1, 1, 0),
(33805, 33498, 0, 3, 1, 1, 0),
(33805, 33499, 0, 3, 1, 1, 0);
DELETE FROM gameobject_loot_template WHERE entry in (186648, 186667, 186672, 187021);
INSERT INTO gameobject_loot_template VALUES
(186648, 29434, 100, 0, 1, 1, 0),
(186648, 1, 100, 1, -33805, 1, 1808),
(186648, 2, 100, 2, -33805, 1, 1809),
(186648, 3, 100, 3, -33805, 1, 1810),
(186648, 33809, 100, 0, 1, 1, 1811),
(186667, 29434, 100, 0, 1, 1, 0),
(186667, 1, 100, 1, -33805, 1, 1808),
(186667, 2, 100, 2, -33805, 1, 1809),
(186667, 3, 100, 3, -33805, 1, 1810),
(186667, 33809, 100, 0, 1, 1, 1811),
(186672, 29434, 100, 0, 1, 1, 0),
(186672, 1, 100, 1, -33805, 1, 1808),
(186672, 2, 100, 2, -33805, 1, 1809),
(186672, 3, 100, 3, -33805, 1, 1810),
(186672, 33809, 100, 0, 1, 1, 1811),
(187021, 29434, 100, 0, 1, 1, 0),
(187021, 1, 100, 1, -33805, 1, 1808),
(187021, 2, 100, 2, -33805, 1, 1809),
(187021, 3, 100, 3, -33805, 1, 1810),
(187021, 33809, 100, 0, 1, 1, 1811);
DELETE FROM creature_loot_template WHERE entry=28860 AND item = 43986;
DELETE FROM creature_loot_template WHERE entry=28860 AND groupid IN (2, 3, 4, 5);
INSERT INTO creature_loot_template VALUES
(28860, 40613, 0, 2, 1, 1, 0),
(28860, 40614, 0, 2, 1, 1, 0),
(28860, 40615, 0, 2, 1, 1, 0),
(28860, 43990, 0, 3, 1, 1, 1813),
(28860, 43988, 0, 3, 1, 1, 1813),
(28860, 43991, 0, 3, 1, 1, 1813),
(28860, 43989, 0, 3, 1, 1, 1813),
(28860, 43992, 0, 3, 1, 1, 1813),
(28860, 43995, 0, 4, 1, 1, 1812),
(28860, 43998, 0, 4, 1, 1, 1812),
(28860, 43994, 0, 4, 1, 1, 1812),
(28860, 43996, 0, 4, 1, 1, 1812),
(28860, 43993, 0, 4, 1, 1, 1812),
(28860, 43986, 0, 5, 1, 1, 1810);
DELETE FROM creature_loot_template WHERE entry=31311 AND item = 43954;
DELETE FROM creature_loot_template WHERE entry=31311 AND groupid IN (1, 2, 3, 4, 5);
INSERT INTO creature_loot_template VALUES
(31311, 40431, 0, 2, 1, 1, 0),
(31311, 40432, 0, 1, 1, 1, 0),
(31311, 40433, 0, 1, 1, 1, 0),
(31311, 40437, 0, 2, 1, 1, 0),
(31311, 40438, 0, 1, 1, 1, 0),
(31311, 40439, 0, 1, 1, 1, 0),
(31311, 40446, 0, 2, 1, 1, 0),
(31311, 40451, 0, 2, 1, 1, 0),
(31311, 40453, 0, 1, 1, 1, 0),
(31311, 40455, 0, 2, 1, 1, 0),
(31311, 44004, 0, 3, 1, 1, 1813),
(31311, 44000, 0, 3, 1, 1, 1813),
(31311, 44002, 0, 3, 1, 1, 1813),
(31311, 44003, 0, 3, 1, 1, 1813),
(31311, 44007, 0, 4, 1, 1, 1812),
(31311, 44006, 0, 4, 1, 1, 1812),
(31311, 44005, 0, 4, 1, 1, 1812),
(31311, 44011, 0, 4, 1, 1, 1812),
(31311, 44008, 0, 4, 1, 1, 1812),
(31311, 43954, 0, 5, 1, 1, 1810);
UPDATE `creature_loot_template` SET `ChanceOrQuestChance`='0', `groupid`='1' WHERE `entry`=12056 AND `item`=16844;
UPDATE `creature_loot_template` SET `ChanceOrQuestChance`='0', `groupid`='1' WHERE `entry`=12056 AND `item`=16856;
UPDATE `creature_loot_template` SET `ChanceOrQuestChance`='40' WHERE `entry`=12056 AND `item`=4787;
UPDATE `creature_loot_template` SET `ChanceOrQuestChance`='30' WHERE `entry`=12056 AND `item`=7077;
UPDATE `creature_loot_template` SET `ChanceOrQuestChance`='30' WHERE `entry`=12056 AND `item`=7068;
UPDATE `creature_loot_template` SET `ChanceOrQuestChance`='5' WHERE `entry`=12056 AND `item`=18563;
UPDATE `creature_loot_template` SET `ChanceOrQuestChance`='5' WHERE `entry`=12057 AND `item`=18564;
UPDATE `creature_loot_template` SET `ChanceOrQuestChance`='100' WHERE `entry`=12056 AND `item`=17010;
UPDATE `creature_loot_template` SET `ChanceOrQuestChance`='50' WHERE `entry`=12056 AND `item`=7078;
UPDATE `creature_loot_template` SET `ChanceOrQuestChance`='25', `groupid`='0' WHERE `entry`=12056 AND `item`=17110;
UPDATE `creature_loot_template` SET `ChanceOrQuestChance`='5', `groupid`='0' WHERE `entry`=12056 AND `item`=18822;
UPDATE `creature_loot_template` SET `ChanceOrQuestChance`='0' WHERE `entry`=11982 AND `item`=16843;
UPDATE `creature_loot_template` SET `ChanceOrQuestChance`='0' WHERE `entry`=11982 AND `item`=16855;
UPDATE `creature_loot_template` SET `ChanceOrQuestChance`='0' WHERE `entry`=11982 AND `item`=18203;
UPDATE `creature_loot_template` SET `ChanceOrQuestChance`='0' WHERE `entry`=11982 AND `item`=17065;
UPDATE `creature_loot_template` SET `ChanceOrQuestChance`='5', `groupid`='0' WHERE `entry`=11982 AND `item`=18822;
UPDATE `creature_loot_template` SET `entry`='11982' WHERE `entry`=6109 AND `item`=18202;
UPDATE `creature_loot_template` SET `ChanceOrQuestChance`='0', `groupid`='3' WHERE `entry`=11982 AND `item`=18202;
UPDATE `creature_loot_template` SET `ChanceOrQuestChance`='5', `groupid`='0' WHERE `entry`=11988 AND `item`=18822;
UPDATE `creature_loot_template` SET `ChanceOrQuestChance`='0' WHERE `entry`=11988 AND `item`=17072;
UPDATE `creature_loot_template` SET `ChanceOrQuestChance`='0' WHERE `entry`=11988 AND `item`=16853;
UPDATE `creature_loot_template` SET `ChanceOrQuestChance`='0' WHERE `entry`=11988 AND `item`=16841;
UPDATE `creature_loot_template` SET `ChanceOrQuestChance`='0' WHERE `entry`=11988 AND `item`=16865;
UPDATE `creature_loot_template` SET `ChanceOrQuestChance`='30' WHERE `entry`=11988 AND `item`=7075;
UPDATE `creature_loot_template` SET `ChanceOrQuestChance`='30' WHERE `entry`=11988 AND `item`=17203;
UPDATE `creature_loot_template` SET `ChanceOrQuestChance`='40' WHERE `entry`=11988 AND `item`=7076;
UPDATE `creature_loot_template` SET `ChanceOrQuestChance`='30' WHERE `entry`=11988 AND `item`=7077;
UPDATE `creature_loot_template` SET `ChanceOrQuestChance`='40' WHERE `entry`=11988 AND `item`=7078;
UPDATE `creature_loot_template` SET `ChanceOrQuestChance`='100' WHERE `entry`=11988 AND `item`=17011;
UPDATE `creature_loot_template` SET `ChanceOrQuestChance`='100' WHERE `entry`=12057 AND `item`=17011;
UPDATE `creature_loot_template` SET `ChanceOrQuestChance`='20' WHERE `entry`=11659 AND `item`=17011;
UPDATE `creature_loot_template` SET `ChanceOrQuestChance`='20' WHERE `entry`=11665 AND `item`=17011;
UPDATE `creature_loot_template` SET `ChanceOrQuestChance`='20' WHERE `entry`=12076 AND `item`=17011;
UPDATE `creature_loot_template` SET `ChanceOrQuestChance`='20' WHERE `entry`=12101 AND `item`=17011;
UPDATE `creature_loot_template` SET `ChanceOrQuestChance`='20' WHERE `entry`=12100 AND `item`=17011;
UPDATE `creature_loot_template` SET `ChanceOrQuestChance`='5', `groupid`='0' WHERE `entry`=12057 AND `item`=18822;
UPDATE `creature_loot_template` SET `ChanceOrQuestChance`='30' WHERE `entry`=12057 AND `item`=7075;
UPDATE `creature_loot_template` SET `ChanceOrQuestChance`='40' WHERE `entry`=12057 AND `item`=7076;
UPDATE `creature_loot_template` SET `ChanceOrQuestChance`='30' WHERE `entry`=12057 AND `item`=8150;
UPDATE `creature_loot_template` SET `ChanceOrQuestChance`='0' WHERE `entry`=12057 AND `item`=17066;
UPDATE `creature_loot_template` SET `ChanceOrQuestChance`='0' WHERE `entry`=12057 AND `item`=16866;
UPDATE `creature_loot_template` SET `ChanceOrQuestChance`='0' WHERE `entry`=12057 AND `item`=16842;
UPDATE `creature_loot_template` SET `ChanceOrQuestChance`='0' WHERE `entry`=12057 AND `item`=16834;
UPDATE `creature_loot_template` SET `ChanceOrQuestChance`='30' WHERE `entry`=12118 AND `item`=7068;
UPDATE `creature_loot_template` SET `ChanceOrQuestChance`='100' WHERE `entry`=12118 AND `item`=16665;
UPDATE `creature_loot_template` SET `ChanceOrQuestChance`='30' WHERE `entry`=12118 AND `item`=7077;
UPDATE `creature_loot_template` SET `ChanceOrQuestChance`='40' WHERE `entry`=12118 AND `item`=7078;
UPDATE `creature_loot_template` SET `ChanceOrQuestChance`='5', `groupid`='0' WHERE `entry`=12118 AND `item`=19146;
UPDATE `creature_loot_template` SET `groupid`='0' WHERE `entry`=12118 AND `item`=17109;
UPDATE `creature_loot_template` SET `ChanceOrQuestChance`='0', `groupid`='1' WHERE `entry`=12118 AND `item`=16805;
UPDATE `creature_loot_template` SET `ChanceOrQuestChance`='0', `groupid`='1' WHERE `entry`=12118 AND `item`=16863;
UPDATE `creature_loot_template` SET `ChanceOrQuestChance`='5', `groupid`='0' WHERE `entry`=12098 AND `item`=19146;
UPDATE `creature_loot_template` SET `ChanceOrQuestChance`='30' WHERE `entry`=12098 AND `item`=7068;
UPDATE `creature_loot_template` SET `ChanceOrQuestChance`='40' WHERE `entry`=12098 AND `item`=7078;
UPDATE `creature_loot_template` SET `ChanceOrQuestChance`='30' WHERE `entry`=12098 AND `item`=7077;
UPDATE `creature_loot_template` SET `ChanceOrQuestChance`='0', `groupid`='1' WHERE `entry`=12098 AND `item`=16823;
UPDATE `creature_loot_template` SET `ChanceOrQuestChance`='0', `groupid`='1' WHERE `entry`=12098 AND `item`=16848;
UPDATE `creature_loot_template` SET `ChanceOrQuestChance`='30' WHERE `entry`=12259 AND `item`=7068;
UPDATE `creature_loot_template` SET `ChanceOrQuestChance`='40' WHERE `entry`=12259 AND `item`=7078;
UPDATE `creature_loot_template` SET `ChanceOrQuestChance`='30' WHERE `entry`=12259 AND `item`=7077;
UPDATE `creature_loot_template` SET `ChanceOrQuestChance`='5', `groupid`='0' WHERE `entry`=12259 AND `item`=19146;
UPDATE `creature_loot_template` SET `ChanceOrQuestChance`='0', `groupid`='1' WHERE `entry`=12259 AND `item`=16862;
UPDATE `creature_loot_template` SET `ChanceOrQuestChance`='0', `groupid`='1' WHERE `entry`=12259 AND `item`=16849;
UPDATE `creature_loot_template` SET `ChanceOrQuestChance`='30' WHERE `entry`=12264 AND `item`=7068;
UPDATE `creature_loot_template` SET `ChanceOrQuestChance`='40' WHERE `entry`=12264 AND `item`=7078;
UPDATE `creature_loot_template` SET `ChanceOrQuestChance`='30' WHERE `entry`=12264 AND `item`=7077;
UPDATE `creature_loot_template` SET `ChanceOrQuestChance`='5', `groupid`='0' WHERE `entry`=12264 AND `item`=19146;
UPDATE `creature_loot_template` SET `ChanceOrQuestChance`='0', `groupid`='1' WHERE `entry`=12264 AND `item`=16803;
UPDATE `creature_loot_template` SET `ChanceOrQuestChance`='0', `groupid`='1' WHERE `entry`=12264 AND `item`=16811;
UPDATE `creature_loot_template` SET `ChanceOrQuestChance`='0', `groupid`='1' WHERE `entry`=12264 AND `item`=16824;
UPDATE `dbscripts_on_quest_start` SET `command`='15', `datalong`='33825', `comments`='Aerial Assault Flight (Horde)' WHERE `id`=10162 AND `command`=7;
UPDATE `quest_template` SET `SpecialFlags`='0' WHERE `entry`=10162;
UPDATE `quest_template` SET `RewRepFaction1`='0' WHERE `entry`=10346;
UPDATE `creature` SET `MovementType`=2,`position_x`=3722.429932,`position_y`=913.771790,`position_z`=1.002714, `spawndist`=0 WHERE `guid` = 42179;
DELETE FROM `creature_movement` WHERE `id`=42179;
INSERT INTO `creature_movement` (`id`,`point`,`position_x`,`position_y`,`position_z`) VALUES
(42179,1,3722.429932,913.771790,1.002714),
(42179,2,3732.029053,904.330933,0.968114),
(42179,3,3739.736328,895.524353,0.758106),
(42179,4,3750.789551,880.084534,0.366120),
(42179,5,3758.787354,867.507263,0.679295),
(42179,6,3767.161865,856.288452,0.976484),
(42179,7,3782.519043,843.848511,0.968118),
(42179,8,3795.712402,840.702026,1.675440),
(42179,9,3808.054688,838.972107,0.956729),
(42179,10,3829.029541,839.984436,0.967158),
(42179,11,3843.008545,840.750061,1.186359),
(42179,12,3868.521484,844.503845,1.141360),
(42179,13,3876.150635,850.337830,1.755279),
(42179,14,3881.138672,864.115845,1.310831),
(42179,15,3888.653076,865.323853,1.378022),
(42179,16,3906.875488,866.120544,1.134151),
(42179,17,3953.089355,864.282104,0.148911),
(42179,18,3983.302734,857.571228,1.046788),
(42179,19,4000.202637,860.725830,1.170438),
(42179,20,4014.436035,868.470032,0.720758),
(42179,21,4027.739258,883.203796,0.801679),
(42179,22,4040.634277,896.320435,0.261184),
(42179,23,4053.570068,909.003784,1.512342),
(42179,24,4065.364258,911.439880,3.647654),
(42179,25,4077.339111,909.210083,5.332397),
(42179,26,4089.094971,903.189575,5.971728),
(42179,27,4097.356934,901.196777,7.080781),
(42179,28,4113.481934,897.701721,9.812309),
(42179,29,4117.061035,886.646057,9.757087),
(42179,30,4117.483887,870.737488,9.815219),
(42179,31,4126.461426,866.358765,9.707480),
(42179,32,4133.693359,864.304565,6.785762),
(42179,33,4146.947754,861.233643,4.078417),
(42179,34,4150.838867,864.035461,4.078417),
(42179,35,4155.389160,871.403625,4.082621),
(42179,36,4157.450684,877.767944,1.504079),
(42179,37,4159.562012,886.388184,-1.458823),
(42179,38,4157.624023,893.779236,-1.453992),
(42179,39,4152.749512,898.931580,-1.453427),
(42179,40,4147.643066,900.963562,-2.476280),
(42179,41,4141.217773,902.808472,-5.821361),
(42179,42,4135.142578,904.172913,-7.009238),
(42179,43,4126.201660,900.406006,-7.008872),
(42179,44,4123.505371,895.362976,-7.064267),
(42179,45,4121.024902,888.352173,-10.009289),
(42179,46,4118.931641,881.739380,-12.623049),
(42179,47,4118.696777,874.418152,-12.563630),
(42179,48,4124.143555,869.048279,-12.563630),
(42179,49,4131.265625,865.740540,-14.077361),
(42179,50,4127.223633,866.879333,-12.562355),
(42179,51,4122.481445,869.654541,-12.562355),
(42179,52,4117.991699,876.805542,-12.562355),
(42179,53,4119.471191,886.473083,-11.126961),
(42179,54,4121.210449,893.253479,-7.626825),
(42179,55,4124.160645,900.132507,-7.007569),
(42179,56,4129.967773,902.294678,-7.007569),
(42179,57,4137.781738,903.702820,-7.009012),
(42179,58,4143.771973,902.754822,-4.585012),
(42179,59,4148.363281,901.231506,-2.167897),
(42179,60,4155.444336,896.501953,-1.451832),
(42179,61,4159.376465,886.155151,-1.458028),
(42179,62,4158.670410,882.022095,-0.702407),
(42179,63,4156.946777,875.238770,2.786326),
(42179,64,4153.635254,865.145325,4.079946),
(42179,65,4149.276855,863.342407,4.079946),
(42179,66,4142.281250,863.443237,4.083534),
(42179,67,4135.520996,863.820129,5.832601),
(42179,68,4128.327637,866.176208,9.616565),
(42179,69,4124.060059,869.521179,9.798268),
(42179,70,4117.504883,877.208740,9.773583),
(42179,71,4113.075195,883.248596,9.811710),
(42179,72,4108.947754,885.473511,9.811710),
(42179,73,4101.364258,894.021057,9.506009),
(42179,74,4099.205566,901.251709,7.480323),
(42179,75,4094.037109,900.019409,6.555405),
(42179,76,4080.265869,902.525269,4.844516),
(42179,77,4066.643311,905.211365,2.676093),
(42179,78,4052.042480,900.388977,-0.015366),
(42179,79,4036.894531,889.341431,0.380059),
(42179,80,4015.933838,874.014709,0.399262),
(42179,81,3996.318604,866.858826,1.082657),
(42179,82,3960.317871,860.775940,0.167445),
(42179,83,3952.938965,863.003601,0.241122),
(42179,84,3940.339355,865.996704,0.925124),
(42179,85,3919.454590,868.036560,1.203346),
(42179,86,3898.702881,867.625793,1.277368),
(42179,87,3881.742432,862.045654,1.276057),
(42179,88,3877.997314,857.874329,1.554000),
(42179,89,3874.550537,851.784485,1.574687),
(42179,90,3867.740479,841.904846,1.197731),
(42179,91,3851.134277,838.354553,0.993947),
(42179,92,3809.334961,842.445557,0.796721),
(42179,93,3781.462158,845.068787,0.967946),
(42179,94,3770.630859,851.672424,0.967075),
(42179,95,3759.555664,863.323792,0.992520),
(42179,96,3739.665527,892.069092,0.734760),
(42179,97,3729.475098,910.430786,0.967810),
(42179,98,3716.260742,916.782471,1.253238),
(42179,99,3705.518555,923.451660,1.566365),
(42179,100,3693.323730,935.196167,3.147308),
(42179,101,3682.386230,953.076477,1.517186),
(42179,102,3675.434082,967.510315,2.468625),
(42179,103,3677.183594,984.396912,0.705175);
UPDATE `creature` SET `MovementType`=2,`position_x`=2808.241455,`position_y`=-3003.126709,`position_z`=157.067291, `spawndist`=0 WHERE `guid` = 41303;
DELETE FROM `creature_movement` WHERE `id`=41303;
INSERT INTO `creature_movement` (`id`,`point`,`position_x`,`position_y`,`position_z`) VALUES
(41303,1,2808.241455,-3003.126709,157.067291),
(41303,2,2811.392090,-2991.734619,155.334320),
(41303,3,2808.639160,-2972.097412,155.101013),
(41303,4,2804.842773,-2959.183350,152.490417),
(41303,5,2805.551270,-2938.301270,154.462799),
(41303,6,2814.461182,-2921.440918,163.474411),
(41303,7,2818.510498,-2918.647461,166.685257),
(41303,8,2840.341797,-2914.930176,183.502121),
(41303,9,2854.309326,-2914.024170,192.161575),
(41303,10,2871.512939,-2911.204834,198.770233),
(41303,11,2882.424561,-2903.183594,201.184616),
(41303,12,2888.192871,-2886.370850,203.285019),
(41303,13,2892.449463,-2865.810547,203.822342),
(41303,14,2898.969971,-2852.818848,207.158493),
(41303,15,2908.747559,-2844.036377,209.318665),
(41303,16,2926.231689,-2833.183350,211.338501),
(41303,17,2943.589355,-2830.331543,212.665710),
(41303,18,2953.075439,-2824.161621,212.613983),
(41303,19,2964.846191,-2820.930420,211.645081),
(41303,20,2978.736084,-2819.183350,209.463913),
(41303,21,3001.006836,-2818.457031,206.082977),
(41303,22,3022.530762,-2814.136230,203.552109),
(41303,23,3035.244629,-2811.006836,198.437698),
(41303,24,3040.000488,-2799.580811,195.965454),
(41303,25,3035.478760,-2809.662354,198.041458),
(41303,26,3024.454102,-2819.712158,202.394180),
(41303,27,3006.513916,-2818.985107,205.280838),
(41303,28,2984.259277,-2818.399902,209.399185),
(41303,29,2970.594238,-2821.382324,210.345764),
(41303,30,2952.682373,-2822.796875,212.661163),
(41303,31,2942.465332,-2830.031982,212.665604),
(41303,32,2930.226318,-2831.118164,211.663055),
(41303,33,2915.546875,-2835.999512,209.535995),
(41303,34,2904.552246,-2845.870850,208.518188),
(41303,35,2889.942871,-2865.736084,203.493179),
(41303,36,2887.777344,-2881.864746,203.374954),
(41303,37,2884.007080,-2899.519775,202.008667),
(41303,38,2875.229492,-2911.850098,199.338211),
(41303,39,2862.768311,-2914.375977,196.399612),
(41303,40,2850.098877,-2914.262207,189.543320),
(41303,41,2843.341309,-2912.349365,185.238174),
(41303,42,2829.395752,-2911.120605,175.736130),
(41303,43,2818.509521,-2910.984131,166.842010),
(41303,44,2808.092773,-2915.233643,159.118347),
(41303,45,2804.951660,-2931.008545,155.843887),
(41303,46,2806.345703,-2945.017822,154.086060),
(41303,47,2807.287842,-2956.843994,153.169250),
(41303,48,2807.587891,-2963.081055,153.936203),
(41303,49,2808.624512,-2969.800537,155.047455),
(41303,50,2813.630615,-2989.589600,155.539047),
(41303,51,2810.635986,-2998.342529,156.787384);
UPDATE `creature` SET `MovementType`=2,`position_x`=3265.909912,`position_y`=-365.719818,`position_z`=153.103470, `spawndist`=0 WHERE `guid` = 41596;
DELETE FROM `creature_movement` WHERE `id`=421596;
INSERT INTO `creature_movement` (`id`,`point`,`position_x`,`position_y`,`position_z`) VALUES
(41596,1,3265.909912,-365.719818,153.103470),
(41596,2,3273.110840,-371.723724,152.879028),
(41596,3,3278.832275,-382.906128,152.523438),
(41596,4,3290.602295,-408.267151,150.345276),
(41596,5,3307.686523,-430.401825,149.835861),
(41596,6,3320.117676,-447.278168,150.562851),
(41596,7,3336.108154,-470.102722,153.994934),
(41596,8,3347.987305,-480.422211,154.224228),
(41596,9,3358.450439,-476.938568,154.218155),
(41596,10,3365.435547,-464.821289,154.220810),
(41596,11,3370.219482,-452.802338,153.902512),
(41596,12,3384.146973,-428.400848,149.321747),
(41596,13,3392.826660,-417.417175,146.746826),
(41596,14,3405.046387,-403.259644,143.910614),
(41596,15,3421.904541,-390.824982,139.321136),
(41596,16,3434.331055,-384.391785,135.793793),
(41596,17,3447.364990,-378.007141,135.662186),
(41596,18,3434.159668,-382.636597,135.496231),
(41596,19,3421.415283,-388.368469,138.450043),
(41596,20,3404.063721,-400.144897,143.263397),
(41596,21,3390.340332,-412.986176,145.812714),
(41596,22,3377.259033,-421.769073,148.559967),
(41596,23,3362.353027,-430.288391,151.450409),
(41596,24,3349.057861,-433.942139,151.799011),
(41596,25,3333.835205,-433.346802,150.422485),
(41596,26,3318.930664,-428.625763,149.402405),
(41596,27,3307.989014,-420.835663,149.473190),
(41596,28,3293.188721,-405.975098,150.441910),
(41596,29,3284.596191,-394.927856,151.113251),
(41596,30,3275.517822,-378.112610,152.894287),
(41596,31,3269.427979,-368.935364,153.063339);
UPDATE `creature` SET `MovementType`=2,`position_x`=2971.350098,`position_y`=-982.097900,`position_z`=198.683380, `spawndist`=0 WHERE `guid` = 123909;
DELETE FROM `creature_movement` WHERE `id`=123909;
INSERT INTO `creature_movement` (`id`,`point`,`position_x`,`position_y`,`position_z`) VALUES
(123909,1,2971.350098,-982.097900,198.683380),
(123909,2,2971.690918,-962.483948,198.426682),
(123909,3,2968.384521,-941.765564,200.709015),
(123909,4,2965.152344,-928.147766,198.484497),
(123909,5,2952.836670,-910.756836,197.443298),
(123909,6,2938.869141,-905.128601,197.099640),
(123909,7,2919.632568,-903.527100,198.155716),
(123909,8,2903.414307,-903.434143,197.123611),
(123909,9,2885.066162,-906.786804,197.560242),
(123909,10,2867.496582,-918.221313,198.913681),
(123909,11,2856.638184,-927.044983,199.210022),
(123909,12,2840.306152,-940.243774,198.580444),
(123909,13,2819.923340,-952.546692,196.251236),
(123909,14,2812.915527,-966.389648,195.477539),
(123909,15,2813.452637,-983.662659,197.860260),
(123909,16,2821.784180,-1002.938599,197.072479),
(123909,17,2830.527100,-1018.294495,198.959946),
(123909,18,2839.100586,-1026.947266,197.751938),
(123909,19,2862.386719,-1035.757080,197.902298),
(123909,20,2876.326660,-1037.055908,198.182755),
(123909,21,2897.217041,-1039.198364,198.248016),
(123909,22,2911.110352,-1040.886230,197.331467),
(123909,23,2934.677002,-1045.407104,196.986130),
(123909,24,2946.637451,-1040.841553,197.254547),
(123909,25,2958.366455,-1029.786133,197.856155),
(123909,26,2968.661621,-1011.250610,197.917145);
UPDATE `creature` SET `MovementType`=2,`position_x`=2230.626221,`position_y`=222.503265,`position_z`=134.671127, `spawndist`=0 WHERE `guid` = 40554;
DELETE FROM `creature_movement` WHERE `id`=40554;
INSERT INTO `creature_movement` (`id`,`point`,`position_x`,`position_y`,`position_z`) VALUES
(40554,1,2230.626221,222.503265,134.671127),
(40554,2,2224.842773,204.381668,131.745773),
(40554,3,2224.397461,186.195084,128.542633),
(40554,4,2224.783691,165.252151,121.905479),
(40554,5,2228.541992,144.604492,115.583405),
(40554,6,2234.316162,129.033264,110.983452),
(40554,7,2246.995850,104.069115,105.569809),
(40554,8,2259.200195,85.328667,102.283875),
(40554,9,2272.217529,73.944885,99.108376),
(40554,10,2289.473145,65.154480,96.752800),
(40554,11,2303.842529,63.234364,95.158028),
(40554,12,2324.819580,62.301811,92.302200),
(40554,13,2315.044678,61.647449,94.050667),
(40554,14,2294.266602,64.414993,96.811752),
(40554,15,2274.864502,73.553665,98.970840),
(40554,16,2262.320557,85.840591,101.911362),
(40554,17,2251.133057,95.907051,104.024017),
(40554,18,2236.551025,110.107979,108.169083),
(40554,19,2227.548340,124.708336,110.385513),
(40554,20,2222.801758,143.517090,116.077888),
(40554,21,2219.976563,164.319946,122.124672),
(40554,22,2218.412598,184.548325,128.981644),
(40554,23,2219.249023,198.518890,131.665329),
(40554,24,2220.353516,219.485901,133.995987),
(40554,25,2222.075684,244.729797,134.205353),
(40554,26,2224.536377,261.256378,134.331970),
(40554,27,2229.941895,281.548462,133.522369),
(40554,28,2236.282471,301.551971,133.194031),
(40554,29,2240.797363,314.802246,133.413681),
(40554,30,2246.947021,334.861572,130.498993),
(40554,31,2252.275635,347.803162,129.387589),
(40554,32,2261.552246,366.643127,129.971725),
(40554,33,2270.846436,385.474365,129.803040),
(40554,34,2280.354004,399.463409,130.359802),
(40554,35,2293.543945,412.130554,130.348328),
(40554,36,2304.319580,421.066528,129.609512),
(40554,37,2321.469482,433.147339,128.849838),
(40554,38,2336.443604,441.356476,123.324211),
(40554,39,2355.435059,450.315521,116.676407),
(40554,40,2365.592285,455.130249,114.194473),
(40554,41,2353.159180,449.219360,117.543526),
(40554,42,2340.275391,443.741028,122.071327),
(40554,43,2327.483887,438.059875,126.869530),
(40554,44,2310.080078,428.210297,128.501328),
(40554,45,2299.125244,419.506104,129.949829),
(40554,46,2288.756104,410.103882,130.291275),
(40554,47,2274.876221,394.387665,129.901978),
(40554,48,2267.130615,382.738708,129.731949),
(40554,49,2257.433350,364.646637,129.959579),
(40554,50,2251.866943,351.801178,129.571732),
(40554,51,2244.710938,332.076782,131.140259),
(40554,52,2240.668945,318.680450,133.109680),
(40554,53,2236.625977,305.276886,133.475372),
(40554,54,2231.740234,284.870972,133.536728),
(40554,55,2230.472412,271.257019,134.439743),
(40554,56,2229.767334,252.587219,134.871262),
(40554,57,2228.250000,238.221497,135.416504);
UPDATE `creature` SET `MovementType`=2,`position_x`=3150.399902,`position_y`=-1170.138062,`position_z`=217.299103, `spawndist`=0 WHERE `guid` = 124138;
DELETE FROM `creature_movement` WHERE `id`=124138;
INSERT INTO `creature_movement` (`id`,`point`,`position_x`,`position_y`,`position_z`) VALUES
(124138,1,3150.399902,-1170.138062,217.299103),
(124138,2,3150.364258,-1176.916138,217.212677),
(124138,3,3151.549072,-1184.704468,216.956177),
(124138,4,3154.039307,-1195.630127,216.413452),
(124138,5,3157.339600,-1200.890625,215.839249),
(124138,6,3162.611328,-1203.641479,215.186890),
(124138,7,3167.498779,-1202.496216,214.795517),
(124138,8,3169.949463,-1199.822632,214.695114),
(124138,9,3174.424316,-1191.442871,214.546326),
(124138,10,3176.167969,-1184.175903,214.374252),
(124138,11,3175.641846,-1176.006592,214.256958),
(124138,12,3170.866699,-1170.889526,214.670517),
(124138,13,3165.246826,-1166.603638,215.211517),
(124138,14,3156.909180,-1163.954956,216.297623);
DELETE FROM `item_loot_template` WHERE (`entry`=17685) AND (`item`=21215);
INSERT INTO `item_loot_template` (`entry`, `item`, `ChanceOrQuestChance`, `groupid`, `mincountOrRef`, `maxcount`) VALUES (17685, 21215, 100, 0, 1, 1);
UPDATE `conditions` SET `value1`='68852' WHERE `condition_entry`=763;
UPDATE `conditions` SET `value1`='67401' WHERE `condition_entry`=762;
INSERT INTO `creature_template_spells` VALUES ('28999', '61375', '61376', '52862', '0', '0', '0', '0', '0');
INSERT INTO `creature_template_spells` VALUES ('28985', '61374', '52870', '52864', '0', '0', '0', '0', '0');
UPDATE `creature_loot_template` SET `ChanceOrQuestChance`='-25' WHERE `item` in (39616,39643);
UPDATE `quest_template` SET `RequiredMinRepFaction`='510', `RequiredMinRepValue`='3000' WHERE `entry`=8121;
UPDATE `quest_template` SET `RequiredMinRepFaction`='510', `RequiredMinRepValue`='42000', `PrevQuestId`='8121' WHERE `entry`=8122;
UPDATE `quest_template` SET `PrevQuestId`='8114' WHERE `entry`=8115;
REPLACE INTO `conditions` (`condition_entry`, `type`, `value1`, `value2`) VALUES
('1422', '20', '876', '0'),
('1814', '24', '43349', '1'),
('1815', '-1', '1422', '1814'),
('1816', '8', '8115', '0'),
('1817', '24', '20132', '1'),
('1818', '-1', '1816', '1817'),
('1819', '8', '8122', '0'),
('1820', '24', '20131', '1'),
('1821', '-1', '1819', '1820');
UPDATE `conditions` SET `type`='-2', `value1`='1372', `value2`='1373' WHERE `condition_entry`=1421;
DELETE FROM `gossip_menu_option` WHERE `menu_id` = 9832;
REPLACE INTO `gossip_menu_option` (`menu_id`, `id`, `option_icon`, `option_text`, `option_id`, `npc_option_npcflag`, `action_menu_id`, `action_poi_id`, `action_script_id`, `box_coded`, `box_money`, `box_text`, `condition_id`) VALUES
(9832, 0, 1, 'Let me browse your goods.', 3, 128, 0, 0, 0, 0, 0, NULL, 0),
(9832, 1, 0, 'I''ve lost my Tabard of Blood Knight.', 1, 1, -1, 0, 50143, 0, 0, NULL, 1236),
(9832, 2, 0, 'I''ve lost my Tabard of the Hand.', 1, 1, -1, 0, 50144, 0, 0, NULL, 1237),
(9832, 3, 0, 'I''ve lost my Tabard of the Protector.', 1, 1, -1, 0, 50145, 0, 0, NULL, 1240),
(9832, 4, 0, 'I''ve lost my Green Trophy Tabard of the Illidari.', 1, 1, -1, 0, 50027, 0, 0, NULL, 1428),
(9832, 5, 0, 'I''ve lost my Purple Trophy Tabard of the Illidari.', 1, 1, -1, 0, 50034, 0, 0, NULL, 1428),
(9832, 6, 0, 'I''ve lost my Tabard of Summer Skies.', 1, 1, -1, 0, 50013, 0, 0, NULL, 1463),
(9832, 7, 0, 'I''ve lost my Tabard of Summer Flames.', 1, 1, -1, 0, 50014, 0, 0, NULL, 1464),
(9832, 8, 0, 'I''ve lost my Loremaster''s Colors.', 1, 1, -1, 0, 50008, 0, 0, NULL, 1421),
(9832, 9, 0, 'I''ve lost my Tabard of the Explorer.', 1, 1, -1, 0, 50018, 0, 0, NULL, 1370),
(9832, 10, 0, 'I''ve lost my Tabard of the Achiever.', 1, 1, -1, 0, 50146, 0, 0, NULL, 1371),
(9832, 11, 0, 'I''ve lost my Tabard of Brute Force.', 1, 1, -1, 0, 50015, 0, 0, NULL, 1815),
(9832, 12, 0, 'I''ve lost my Arathor Battle Tabard.', 1, 1, -1, 0, 50016, 0, 0, NULL, 1818),
(9832, 13, 0, 'I''ve lost my Battle Tabard of the Defilers.', 1, 1, -1, 0, 50017, 0, 0, NULL, 1821);
DELETE FROM `dbscripts_on_gossip` WHERE `id` in (50008,50013,50014,50018,50027,50034,50143,50144,50145,50146,50015,50016,50017);
REPLACE INTO `dbscripts_on_gossip` (`id`, `delay`, `command`, `datalong`, `datalong2`, `buddy_entry`, `search_radius`, `data_flags`, `dataint`, `dataint2`, `dataint3`, `dataint4`, `x`, `y`, `z`, `o`, `comments`) VALUES
(50008, 0, 15, 58194, 0, 0, 0, 0, 0, 0, 0, 0, 0, 0, 0, 0, 'Create Loremaster''s Colors'),
(50013, 0, 15, 62768, 0, 0, 0, 0, 0, 0, 0, 0, 0, 0, 0, 0, 'Create Tabard of Summer Skies'),
(50014, 0, 15, 62769, 0, 0, 0, 0, 0, 0, 0, 0, 0, 0, 0, 0, 'Create Tabard of Summer Flames'),
(50018, 0, 15, 58224, 0, 0, 0, 0, 0, 0, 0, 0, 0, 0, 0, 0, 'Create Tabard of the Explorer'),
(50027, 0, 15, 54977, 0, 0, 0, 0, 0, 0, 0, 0, 0, 0, 0, 0, 'Create Green Trophy Tabard of the Illidari'),
(50034, 0, 15, 54982, 0, 0, 0, 0, 0, 0, 0, 0, 0, 0, 0, 0, 'Create Purple Trophy Tabard of the Illidari'),
(50143, 0, 15, 54974, 0, 0, 0, 0, 0, 0, 0, 0, 0, 0, 0, 0, 'Create Blood Knight Tabard'),
(50144, 0, 15, 54976, 0, 0, 0, 0, 0, 0, 0, 0, 0, 0, 0, 0, 'Create Tabard of the Hand'),
(50145, 0, 15, 55008, 0, 0, 0, 0, 0, 0, 0, 0, 0, 0, 0, 0, 'Create Tabard of the Protector'),
(50146, 0, 15, 55006, 0, 0, 0, 0, 0, 0, 0, 0, 0, 0, 0, 0, 'Create Tabard of the Achiever'),
(50015, 0, 15, 58230, 0, 0, 0, 0, 0, 0, 0, 0, 0, 0, 0, 0, 'Create Tabard of Brute Force'),
(50016, 0, 15, 54971, 0, 0, 0, 0, 0, 0, 0, 0, 0, 0, 0, 0, 'Create Arathor Battle Tabard'),
(50017, 0, 15, 54973, 0, 0, 0, 0, 0, 0, 0, 0, 0, 0, 0, 0, 'Create Battle Tabard of the Defilers');
REPLACE INTO `conditions` (`condition_entry`, `type`, `value1`, `value2`) VALUES
('1822', '8', '10772', '0'),
('1823', '8', '10776', '0'),
('1824', '-3', '1823', '0'),
('1825', '-1', '1822', '1824'),
('1826', '24', '31310', '1'),
('1827', '-1', '1825', '1826'),
('1828', '8', '10750', '0'),
('1829', '8', '10769', '0'),
('1830', '-3', '1829', '0'),
('1831', '-1', '1828', '1830'),
('1832', '24', '31108', '1'),
('1833', '-1', '1831', '1832');
REPLACE INTO `gossip_menu_option` (`menu_id`, `id`, `option_icon`, `option_text`, `option_id`, `npc_option_npcflag`, `action_menu_id`, `action_poi_id`, `action_script_id`, `box_coded`, `box_money`, `box_text`, `condition_id`) VALUES
('8457', '0', '0', 'I need one more Wildhammer Flare Gun, Thane.', '1', '1', '-1', '0', '8457', '0', '0', NULL, '1827'),
('8443', '0', '0', 'Alas, my Kor''kron Flare Gun was lost. You can take both?', '1', '1', '-1', '0', '8443', '0', '0', NULL, '1833');
# 8457     : "  , .    .   !"
# 8443     : "   , .        .    !"
#  22059  "  , |3-6($c)?"
#  21998  "  , |3-6($c)?"
DELETE FROM `dbscripts_on_gossip` WHERE `id` in (8457,8443);
REPLACE INTO `dbscripts_on_gossip` (`id`, `delay`, `command`, `datalong`, `datalong2`, `buddy_entry`, `search_radius`, `data_flags`, `dataint`, `dataint2`, `dataint3`, `dataint4`, `x`, `y`, `z`, `o`, `comments`) VALUES
(8457, 0, 17, 31310, 1, 0, 0, 0, 0, 0, 0, 0, 0, 0, 0, 0, 'Create item Wildhammer Flare Gun'),
(8443, 0, 17, 31108, 1, 0, 0, 0, 0, 0, 0, 0, 0, 0, 0, 0, 'Create item Kor''kron Flare Gun');
REPLACE INTO `conditions` (`condition_entry`, `type`, `value1`, `value2`) VALUES
('1834', '1', '23768', '0'),
('1835', '1', '23769', '0'),
('1836', '1', '23767', '0'),
('1837', '1', '23738', '0'),
('1838', '1', '23766', '0'),
('1839', '1', '23737', '0'),
('1840', '1', '23736', '0'),
('1841', '1', '23735', '0'),
('1842', '-2', '1834', '1835'),
('1843', '-2', '1836', '1837'),
('1844', '-2', '1838', '1839'),
('1845', '-2', '1840', '1841'),
('1846', '-2', '1842', '1843'),
('1847', '-2', '1844', '1845'),
('1848', '-2', '1846', '1847'),
('1849', '-3', '1848', '0');
UPDATE `gossip_menu` SET `condition_id`='1849' WHERE `entry`=6186 AND `text_id`=7339;
UPDATE `gossip_menu` SET `condition_id`='1848' WHERE `entry`=6186 AND `text_id`=7393;
UPDATE `gossip_menu_option` SET `condition_id`='1849' WHERE `menu_id`=6186 AND `id`=0;
DELETE FROM `dbscripts_on_gossip` WHERE `id` in (52,53,54,55,56,57,58,59,60);
INSERT INTO `dbscripts_on_gossip` (`id`, `delay`, `command`, `datalong`, `datalong2`, `buddy_entry`, `search_radius`, `data_flags`, `dataint`, `dataint2`, `dataint3`, `dataint4`, `x`, `y`, `z`, `o`, `comments`) VALUES
('52', '0', '15', '23768', '0', '0', '0', '0', '0', '0', '0', '0', '0', '0', '0', '0', 'cast Sayge''s Dark Fortune of Damage'),
('53', '0', '15', '23769', '0', '0', '0', '0', '0', '0', '0', '0', '0', '0', '0', '0', 'cast Sayge''s Dark Fortune of Resistance'),
('54', '0', '15', '23767', '0', '0', '0', '0', '0', '0', '0', '0', '0', '0', '0', '0', 'cast Sayge''s Dark Fortune of Armor'),
('55', '0', '15', '23738', '0', '0', '0', '0', '0', '0', '0', '0', '0', '0', '0', '0', 'cast Sayge''s Dark Fortune of Spirit'),
('56', '0', '15', '23766', '0', '0', '0', '0', '0', '0', '0', '0', '0', '0', '0', '0', 'cast Sayge''s Dark Fortune of Intelligence'),
('57', '0', '15', '23737', '0', '0', '0', '0', '0', '0', '0', '0', '0', '0', '0', '0', 'cast Sayge''s Dark Fortune of Stamina'),
('58', '0', '15', '23735', '0', '0', '0', '0', '0', '0', '0', '0', '0', '0', '0', '0', 'cast Sayge''s Dark Fortune of Strength'),
('59', '0', '15', '23736', '0', '0', '0', '0', '0', '0', '0', '0', '0', '0', '0', '0', 'cast Sayge''s Dark Fortune of Agility'),
('60', '0', '15', '23765', '0', '0', '0', '0', '0', '0', '0', '0', '0', '0', '0', '0', 'cast Sayge''s Darkmoon Faire Fortune');
UPDATE `gossip_menu_option` SET `action_script_id`='52' WHERE `menu_id`=6187 AND `id`=0;
UPDATE `gossip_menu_option` SET `action_menu_id`='6211', `action_script_id`='53' WHERE `menu_id`=6187 AND `id`=1;
UPDATE `gossip_menu_option` SET `action_menu_id`='6211', `action_script_id`='54' WHERE `menu_id`=6187 AND `id`=2;
UPDATE `gossip_menu_option` SET `action_menu_id`='6211', `action_script_id`='55' WHERE `menu_id`=6208 AND `id`=0;
UPDATE `gossip_menu_option` SET `action_menu_id`='6211', `action_script_id`='56' WHERE `menu_id`=6208 AND `id`=1;
UPDATE `gossip_menu_option` SET `action_menu_id`='6211', `action_script_id`='53' WHERE `menu_id`=6208 AND `id`=2;
UPDATE `gossip_menu_option` SET `action_menu_id`='6211', `action_script_id`='57' WHERE `menu_id`=6209 AND `id`=0;
UPDATE `gossip_menu_option` SET `action_menu_id`='6211', `action_script_id`='58' WHERE `menu_id`=6209 AND `id`=1;
UPDATE `gossip_menu_option` SET `action_menu_id`='6211', `action_script_id`='59' WHERE `menu_id`=6209 AND `id`=2;
UPDATE `gossip_menu_option` SET `action_script_id`='56' WHERE `menu_id`=6210 AND `id`=0;
UPDATE `gossip_menu_option` SET `action_menu_id`='6211', `action_script_id`='55' WHERE `menu_id`=6210 AND `id`=1;
UPDATE `gossip_menu_option` SET `action_menu_id`='6211', `action_script_id`='54' WHERE `menu_id`=6210 AND `id`=2;
UPDATE `gossip_menu_option` SET `action_script_id`='60' WHERE `menu_id`=6211 AND `id`=0;
DELETE FROM creature_ai_scripts WHERE creature_id in (21960,34149,22113,17664,19823,34784,34800,34815,34826,34854);
INSERT INTO creature_ai_scripts VALUES
('2196001','21960','1','0','40','1','2000','20000','35000','60000','11','38053','0','0','0','0','0','0','0','0','0','0','Gan\'arg Technician - Cast Tune Deathforge Infernal OOC'),
('3414901','34149','11','0','100','7','0','0','0','0','21','0','0','0','20','0','0','0','11','64624','0','0','Frost Bomb - Prevent Combat Movement and Prevent Autoattack and Cast Frost Bomb'),
('3414902','34149','29','0','100','6','10000','10000','0','0','11','64626','0','0','0','0','0','0','0','0','0','0','Frost Bomb - Cast Explode'),
('3414903','34149','29','0','100','6','12000','12000','0','0','11','65354','0','0','41','4000','0','0','0','0','0','0','Frost Bomb - Cast Clear Fires and Despawn'),
('2211301','22113','9','0','100','1','5','40','6000','9000','40','2','0','0','11','38370','1','0','0','0','0','0','Mordenai - Set Ranged Weapon Model and Cast Aimed Shot'),
('2211302','22113','9','0','100','1','5','30','2200','2700','11','38372','1','0','40','2','0','0','0','0','0','0','Mordenai - Set Ranged Weapon Model and Cast Shoot'),
('2211303','22113','9','0','100','1','5','35','4500','5500','40','2','0','0','11','36623','1','0','0','0','0','0','Mordenai - Set Ranged Weapon Model and Cast Arcane Shot'),
('2211304','22113','0','0','100','1','2000','2500','9500','11500','40','2','0','0','11','36732','1','0','0','0','0','0','Mordenai - Set Ranged Weapon Model and Cast Scatter Shot'),
('2211305','22113','9','0','100','1','40','90','0','0','21','1','1','0','20','1','0','0','0','0','0','0','Mordenai - Start Combat Movement and Start Melee over 40 Yards'),
('2211306','22113','9','0','100','1','5','40','0','0','21','0','1','0','20','0','0','0','0','0','0','0','Mordenai - Prevent Combat Movement and Prevent Melee Between 5 and 40 Yards'),
('2211307','22113','9','0','100','1','0','5','0','0','21','1','0','0','40','1','0','0','20','1','0','0','Mordenai - Start Combat Movement and Set Melee Weapon Model and Start Melee Below 5 Yards'),
('2211308','22113','7','0','100','0','0','0','0','0','0','0','0','0','40','1','0','0','0','0','0','0','Mordenai -  Set Melee Weapon Model on Evade'),
('2211309','22113','2','0','100','0','15','0','0','0','25','0','0','0','1','-47','0','0','0','0','0','0','Mordenai - Flee at 15% HP'),
('1766401','17664','4','0','100','0','0','0','0','0','43','0','0','0','0','0','0','0','0','0','0','0','Matis the Cruel - Unmount on Aggro'),
('1766402','17664','6','0','100','0','0','0','0','0','11','31336','0','2','0','0','0','0','0','0','0','0','Matis the Cruel - Cast Matis Captured DND on Death'),
('1982301','19823','6','0','100','0','0','0','0','0','11','38223','6','7','0','0','0','0','0','0','0','0','Crazed Colossus - Cast Quest Credit: Crazed Colossus on Death'),
('3478401','34784','11','0','100','30','0','0','0','0','11','66201','0','0','0','0','0','0','0','0','0','0','Legion Flame - Cast Legion Flame'),
('3480001','34800','0','0','100','31','3000','5000','4000','6000','11','66408','1','0','0','0','0','0','0','0','0','0','Snobold Vassal - Cast Batter'),
('3480002','34800','0','0','100','31','5000','8000','7000','9000','11','66407','1','0','0','0','0','0','0','0','0','0','Snobold Vassal - Cast Headcrack'),
('3480003','34800','0','0','100','31','10000','15000','10000','15000','11','66313','0','0','0','0','0','0','0','0','0','0','Snobold Vassal - Cast Firebomb'),
('3481501','34815','0','0','100','31','7000','10000','8000','10000','11','67047','0','0','0','0','0','0','0','0','0','0','Felflame Infernal - Cast Fel Inferno'),
('3481502','34815','0','0','100','31','7000','10000','8000','10000','11','66519','4','0','0','0','0','0','0','0','0','0','Felflame infernal - Cast Fel Steak'),
('3482601','34826','0','0','100','31','7000','10000','5000','8000','11','66378','0','0','0','0','0','0','0','0','0','0','Mistress of Pain - Cast Shivan Slash'),
('3482602','34826','0','0','100','31','7000','10000','5000','8000','11','66283','4','0','0','0','0','0','0','0','0','0','Mistress of Pain - Cast Spinning Pain Spike'),
('3482603','34826','0','0','100','25','13000','15000','12000','16000','11','66425','0','0','0','0','0','0','0','0','0','0','Mistress of Pain - Cast Mistress Kiss'),
('3485401','34854','11','0','100','30','0','0','0','0','11','66318','0','0','0','0','0','0','0','0','0','0','Firebomb - Cast Firebomb Aura on Spawn');
UPDATE creature_template SET AIName='EventAI' WHERE entry IN (21960,34149,22113,17664,19823,34784,34800,34815,34826,34854);
DELETE FROM `creature_ai_texts` WHERE `entry` = -221131;
REPLACE INTO `conditions` (`condition_entry`, `type`, `value1`, `value2`) VALUES
(1850, 14, 1, 0),
(1851, 14, 2, 0),
(1852, 14, 4, 0),
(1853, 14, 8, 0),
(1854, 14, 16, 0),
(1855, 14, 32, 0),
(1856, 14, 64, 0),
(1857, 14, 128, 0),
(1858, 14, 512, 0),
(1859, 14, 1024, 0),
(1860, -2, 1165, 1851),
(1861, -2, 1166, 1850),
(1862, -2, 1167, 1855),
(1863, -2, 1168, 1859),
(1864, -2, 1169, 1857),
(1865, -2, 1170, 1858),
(1866, -2, 1171, 1854),
(1867, -2, 1172, 1853),
(1868, -2, 1173, 1856),
(1869, -2, 1174, 1852);
REPLACE INTO `gossip_menu` (`entry`, `text_id`, `script_id`, `condition_id`) VALUES
(3161, 3893, 0, 1860),
(3162, 3896, 0, 1864),
(3185, 3942, 0, 1867),
(3186, 3945, 0, 1868),
(4001, 4855, 0, 1869),
(4004, 4859, 0, 1861),
(4005, 4869, 0, 1866),
(4006, 4862, 0, 1862),
(8098, 10011, 0, 1865),
(8213, 10208, 0, 1863);
REPLACE INTO `gossip_menu_option` (`menu_id`, `id`, `option_icon`, `option_text`, `option_id`, `npc_option_npcflag`, `action_menu_id`, `action_poi_id`, `action_script_id`, `box_coded`, `box_money`, `box_text`, `condition_id`) VALUES
(3161, 0, 1, 'I would like to buy from you.', 3, 128, 0, 0, 0, 0, 0, NULL, 1860),
(4004, 0, 1, 'I would like to buy from you.', 3, 128, 0, 0, 0, 0, 0, NULL, 1861),
(4006, 0, 1, 'I would like to buy from you.', 3, 128, 0, 0, 0, 0, 0, NULL, 1862),
(8213, 0, 1, 'What elekks are for sale?', 3, 128, 0, 0, 0, 0, 0, NULL, 1863),
(3162, 0, 1, 'I would like to buy from you.', 3, 128, 0, 0, 0, 0, 0, NULL, 1864),
(8098, 0, 1, 'I wish to purchase one of these creatures.', 3, 128, 0, 0, 0, 0, 0, NULL, 1865),
(4005, 0, 1, 'I would like to buy from you.', 3, 128, 0, 0, 0, 0, 0, NULL, 1866),
(3185, 0, 1, 'I would like to buy from you.', 3, 128, 0, 0, 0, 0, 0, NULL, 1867),
(3186, 0, 1, 'I would like to buy from you.', 3, 128, 0, 0, 0, 0, 0, NULL, 1868),
(4001, 0, 1, 'I would like to buy from you.', 3, 128, 0, 0, 0, 0, 0, NULL, 1869);
UPDATE `creature_template` SET `unit_flags` = `unit_flags` | 256 WHERE `entry`=29686;
UPDATE `quest_template` SET `SpecialFlags`='2' WHERE `entry`=10162;
INSERT INTO `dbscripts_on_quest_start` (`id`, `delay`, `command`, `datalong`,`comments`) VALUES (10162, 10, 7, 10162, '');
UPDATE `creature` SET `spawntimesecs`='180', `spawndist`='0', `MovementType`='0' WHERE `id`=12247;
UPDATE `gameobject` SET `spawntimesecs`='180' WHERE `id`=177668;
DELETE FROM `creature_ai_scripts` WHERE `id` = 432851;
DELETE FROM `creature_ai_scripts` WHERE `id` = 432951;
DELETE FROM `creature_ai_scripts` WHERE `id` = 433151;
DELETE FROM `dbscripts_on_spell` WHERE `id` = 42411;
INSERT INTO `dbscripts_on_spell` (`id`, `delay`, `command`, `datalong`, `datalong2`, `buddy_entry`, `search_radius`, `data_flags`, `dataint`, `dataint2`, `dataint3`, `dataint4`, `x`, `y`, `z`, `o`, `comments`) VALUES
('42411', '0', '18', '0', '0', '0', '0', '0', '0', '0', '0', '0', '0', '0', '0', '0', 'Despawn self');
# 11301
UPDATE `quest_template` SET `RequiredRaces`='690' WHERE `entry`=11301;
DELETE FROM `creature_ai_scripts` WHERE `id` = 2396751;
UPDATE creature_template SET AIName='' WHERE entry =23967;
DELETE FROM `dbscripts_on_spell` WHERE `id` = 43286;
INSERT INTO `dbscripts_on_spell` (`id`, `delay`, `command`, `datalong`, `datalong2`, `buddy_entry`, `search_radius`, `data_flags`, `dataint`, `dataint2`, `dataint3`, `dataint4`, `x`, `y`, `z`, `o`, `comments`) VALUES
('43286', '0', '18', '0', '0', '0', '0', '0', '0', '0', '0', '0', '0', '0', '0', '0', 'Despawn self');
# 12035
DELETE FROM `creature_ai_scripts` WHERE `id` = 2562351;
DELETE FROM `dbscripts_on_spell` WHERE `id` = 47166;
INSERT INTO `dbscripts_on_spell` (`id`, `delay`, `command`, `datalong`, `datalong2`, `buddy_entry`, `search_radius`, `data_flags`, `dataint`, `dataint2`, `dataint3`, `dataint4`, `x`, `y`, `z`, `o`, `comments`) VALUES
('47166', '0', '18', '0', '0', '0', '0', '0', '0', '0', '0', '0', '0', '0', '0', '0', 'Despawn self');
#
DELETE FROM `creature_loot_template` WHERE `entry` in (33432,34106);
UPDATE `creature_template` SET `lootid`='0' WHERE `entry` in (33432,34106);
# 12078
DELETE FROM `creature_ai_scripts` WHERE `id` = 2635951;
DELETE FROM `dbscripts_on_spell` WHERE `id` = 47431;
INSERT INTO `dbscripts_on_spell` (`id`, `delay`, `command`, `datalong`, `datalong2`, `buddy_entry`, `search_radius`, `data_flags`, `dataint`, `dataint2`, `dataint3`, `dataint4`, `x`, `y`, `z`, `o`, `comments`) VALUES
('47431', '0', '18', '0', '0', '0', '0', '0', '0', '0', '0', '0', '0', '0', '0', '0', 'Despawn self');
#
UPDATE creature SET position_x = '3762.615967', position_y = '764.999634', position_z = '61.853924', orientation = '5.010099' WHERE guid = '110027';
UPDATE `creature` SET `spawntimesecs`='180' WHERE `id` in (27530,28352,28156,25623,23967,26359);
# 12417,12449
DELETE FROM `creature_ai_scripts` WHERE `id` = 2753051;
UPDATE creature_template SET AIName='' WHERE entry =27530;
DELETE FROM `dbscripts_on_spell` WHERE `id` = 49349;
INSERT INTO `dbscripts_on_spell` (`id`, `delay`, `command`, `datalong`, `datalong2`, `buddy_entry`, `search_radius`, `data_flags`, `dataint`, `dataint2`, `dataint3`, `dataint4`, `x`, `y`, `z`, `o`, `comments`) VALUES
('49349', '0', '18', '0', '0', '0', '0', '0', '0', '0', '0', '0', '0', '0', '0', '0', 'Despawn self'),
('49349', '0', '8', '27530', '0', '0', '0', '0', '0', '0', '0', '0', '0', '0', '0', '0', 'killcredit');
# 12591,12598
DELETE FROM `creature_ai_scripts` WHERE `id` = 2835251;
UPDATE creature_template SET AIName='' WHERE entry =28352;
DELETE FROM `dbscripts_on_spell` WHERE `id` = 51381;
INSERT INTO `dbscripts_on_spell` (`id`, `delay`, `command`, `datalong`, `datalong2`, `buddy_entry`, `search_radius`, `data_flags`, `dataint`, `dataint2`, `dataint3`, `dataint4`, `x`, `y`, `z`, `o`, `comments`) VALUES
('51381', '0', '18', '0', '0', '0', '0', '0', '0', '0', '0', '0', '0', '0', '0', '0', 'Despawn self'),
('51381', '0', '8', '28352', '0', '0', '0', '0', '0', '0', '0', '0', '0', '0', '0', '0', 'killcredit');
# 11355,11365
DELETE FROM `creature_ai_scripts` WHERE `id` = 2432951;
UPDATE creature_template SET AIName='' WHERE entry =24329;
DELETE FROM `dbscripts_on_spell` WHERE `id` = 43666;
INSERT INTO `dbscripts_on_spell` (`id`, `delay`, `command`, `datalong`, `datalong2`, `buddy_entry`, `search_radius`, `data_flags`, `dataint`, `dataint2`, `dataint3`, `dataint4`, `x`, `y`, `z`, `o`, `comments`) VALUES
('43666', '0', '18', '0', '0', '0', '0', '0', '0', '0', '0', '0', '0', '0', '0', '0', 'Despawn self');
# 12568
DELETE FROM `spell_script_target` WHERE `entry` = 51276;
REPLACE INTO `spell_script_target` (`entry`, `type`, `targetEntry`) VALUES (51276, 1, 28156);
UPDATE creature_template SET AIName='' WHERE entry =28260;
DELETE FROM `creature_ai_scripts` WHERE `id` = 2826051;
# 10345
DELETE FROM `creature_ai_scripts` WHERE `id` = 2056152;
DELETE FROM `dbscripts_on_spell` WHERE `id` = 35372;
INSERT INTO `dbscripts_on_spell` (`id`, `delay`, `command`, `datalong`, `datalong2`, `buddy_entry`, `search_radius`, `data_flags`, `dataint`, `dataint2`, `dataint3`, `dataint4`, `x`, `y`, `z`, `o`, `comments`) VALUES
('35372', '1', '18', '0', '0', '0', '0', '0', '0', '0', '0', '0', '0', '0', '0', '0', 'Despawn self'),
('35372', '1', '8', '20561', '0', '0', '0', '0', '0', '0', '0', '0', '0', '0', '0', '0', 'killcredit');
# 10564,10598
DELETE FROM `spell_script_target` WHERE `entry` = 37055 AND `type` = 1 AND `targetEntry` = 21404;
DELETE FROM `creature_ai_scripts` WHERE `id` = 2151251;
UPDATE creature_template SET AIName='' WHERE entry =21512;
DELETE FROM `creature_ai_scripts` WHERE `id` = 3033252;
DELETE FROM `creature_ai_scripts` WHERE `id` = 2988051;
DELETE FROM `creature_ai_scripts` WHERE `id` = 2991551;
DELETE FROM `creature_ai_scripts` WHERE `id` = 2991951;
DELETE FROM `creature_ai_scripts` WHERE `id` = 3003751;
DELETE FROM `creature_ai_scripts` WHERE `id` = 3024351;
DELETE FROM `creature_ai_scripts` WHERE `id` = 3025051;
DELETE FROM `creature_ai_scripts` WHERE `id` = 3033251;
DELETE FROM `creature_ai_scripts` WHERE `id` = 3063251;
DELETE FROM `creature_ai_scripts` WHERE `id` = 3072551;
UPDATE creature_template SET AIName='' WHERE entry IN ( 29880, 29915, 29919, 30037, 30332, 30243, 30250, 30632, 30725);
INSERT INTO `dbscripts_on_spell` (`id`, `delay`, `command`, `datalong`, `datalong2`, `buddy_entry`, `search_radius`, `data_flags`, `dataint`, `dataint2`, `dataint3`, `dataint4`, `x`, `y`, `z`, `o`, `comments`) VALUES
('23301', '1', '18', '0', '0', '0', '0', '0', '0', '0', '0', '0', '0', '0', '0', '0', '');
REPLACE INTO `creature_ai_scripts` VALUES ('2968651', '29686', '8', '0', '100', '0', '55223', '-1', '0', '0', '11', '55085', '0', '0', '0', '0', '0', '0', '0', '0', '0', '0', 'YTDB_q12861');
UPDATE `creature_template` SET `AIName`='' WHERE `entry`=29700;
DELETE FROM `creature_ai_scripts` WHERE `id` = 2970051;
REPLACE INTO `db_script_string` (`entry`, `content_default`, `content_loc1`, `content_loc2`, `content_loc3`, `content_loc4`, `content_loc5`, `content_loc6`, `content_loc7`, `content_loc8`) VALUES
('2000000300', 'No more mister nice wolvar!', NULL, NULL, NULL, NULL, NULL, NULL, NULL, NULL),
('2000000301', 'Rageclaw free! Troll die now!', NULL, NULL, NULL, NULL, NULL, NULL, NULL, NULL),
('2000000660', 'TROLL MAKE ME ANGRY!', NULL, NULL, NULL, NULL, NULL, NULL, NULL, NULL),
('2000000661', 'This mean war!', NULL, NULL, NULL, NULL, NULL, NULL, NULL, NULL);
DELETE FROM `dbscripts_on_spell` WHERE `id` in (55083,55223);
INSERT INTO `dbscripts_on_spell` (`id`, `delay`, `command`, `datalong`, `datalong2`, `buddy_entry`, `search_radius`, `data_flags`, `dataint`, `dataint2`, `dataint3`, `dataint4`, `x`, `y`, `z`, `o`, `comments`) VALUES
('55083', '1', '0', '0', '0', '29686', '10', '0', '2000000300', '2000000301', '2000000660', '2000000661', '0', '0', '0', '0', ''),
('55083', '0', '15', '55223', '0', '0', '0', '0', '0', '0', '0', '0', '0', '0', '0', '0', 'cast Free Rageclaw'),
('55083', '1', '8', '29686', '0', '0', '0', '0', '0', '0', '0', '0', '0', '0', '0', '0', ''),
('55083', '0', '18', '0', '0', '0', '0', '0', '0', '0', '0', '0', '0', '0', '0', '0', ''),
('55223', '10', '18', '0', '0', '0', '0', '0', '0', '0', '0', '0', '0', '0', '0', '0', ''),
('55223', '0', '28', '0', '0', '29686', '10', '0', '0', '0', '0', '0', '0', '0', '0', '0', '');
UPDATE `creature` SET `MovementType` = 0, `spawndist` = 0 WHERE `guid` = 123469;

# VENOM
INSERT IGNORE INTO `creature_template_spells` VALUES ('29005', '61380', '47911', '0', '0', '0', '0', '0', '0');

# NeatElves
REPLACE INTO `creature_template_addon` (`entry`, `mount`, `bytes1`, `b2_0_sheath`, `b2_1_pvp_state`, `emote`, `moveflags`, `auras`) VALUES ('28882', '0', '0', '1', '0', '0', '0', '52619');
UPDATE `creature_model_info` SET `bounding_radius`=0.465, `combat_reach`=7.5 WHERE `modelid`=26286;
DELETE FROM `dbscripts_on_event` WHERE `id`=18940;
INSERT INTO `dbscripts_on_event` (`id`, `delay`, `command`, `datalong`, `datalong2`, `buddy_entry`, `search_radius`, `data_flags`, `dataint`, `dataint2`, `dataint3`, `dataint4`, `x`, `y`, `z`, `o`, `comments`) VALUES ('18940', '6', '11', '46814', '180', '0', '0', '0', '0', '0', '0', '0', '0', '0', '0', '0', '');
UPDATE `creature_ai_scripts` SET `action1_param1`='26476', `action1_param2`='0' WHERE `id`=2647751;
REPLACE INTO `creature_ai_scripts` (`id`, `creature_id`, `event_type`, `event_inverse_phase_mask`, `event_chance`, `event_flags`, `event_param1`, `event_param2`, `event_param3`, `event_param4`, `action1_type`, `action1_param1`, `action1_param2`, `action1_param3`, `action2_type`, `action2_param1`, `action2_param2`, `action2_param3`, `action3_type`, `action3_param1`, `action3_param2`, `action3_param3`, `comment`) VALUES
(2826051, 28260, 11, 0, 100, 0, 0, 0, 0, 0, 3, 28259, 0, 0, 0, 0, 0, 0, 0, 0, 0, 0, 'YTDB - Defeated Argent Footman - Sets either model Defeated Argent Footman (Transform)');
UPDATE `creature_template` SET `AIName`='EventAI' WHERE `entry`=28260;
DELETE FROM `spell_area` WHERE `spell` IN (32096,32098);
INSERT INTO `spell_area` (`spell`,`area`,`autocast`) VALUES
(32096,3483,0),
(32096,3562,0),
(32096,3713,0),
(32096,3714,0),
(32096,3836,0),
(32098,3483,0),
(32098,3562,0),
(32098,3713,0),
(32098,3714,0),
(32098,3836,0);
DELETE FROM creature_template_addon WHERE entry IN (28606,28607);
INSERT INTO creature_template_addon (`entry`, `mount`, `bytes1`, `b2_0_sheath`, `emote`, `moveflags`, `auras`) VALUES (28606, 0, 0, 1, 0, 0, '');
INSERT INTO creature_template_addon (`entry`, `mount`, `bytes1`, `b2_0_sheath`, `emote`, `moveflags`, `auras`) VALUES (28607, 0, 0, 1, 0, 0, '');
UPDATE creature SET position_x = '1154.675171', position_y = '-4165.530762', position_z = '51.646172', orientation = '0.980937' WHERE guid = '78935';
UPDATE creature SET position_x = '1282.690430', position_y = '-4188.259766', position_z = '27.728546', orientation = '3.312805' WHERE guid = '39271';
REPLACE INTO gameobject VALUES
(8338, 1684, 1, 1, 1, 1524.93, -4371.18, 17.9437, 1.62046, 0, 0, 0, 1, 300, 100, 1),
(8339, 1685, 1, 1, 1, 1523.78, -4368.24, 18.2141, 6.07367, 0, 0, 0, 1, 300, 100, 1);
UPDATE `creature_template` SET `faction_A` = 80, `faction_H` = 80 WHERE `entry` = 9527;
UPDATE `quest_template` SET `RewRepFaction1`='169', `RewRepValueId1`='3' WHERE `entry`=7042;
REPLACE INTO `gameobject` (`guid`, `id`, `map`, `spawnMask`, `phaseMask`, `position_x`, `position_y`, `position_z`, `orientation`, `rotation0`, `rotation1`, `rotation2`, `rotation3`, `spawntimesecs`, `animprogress`, `state`) VALUES
(840, 176751, 1, 1, 1, -1461, 1785.83, 50.274, -2, 0, 0, -0.841471, 0.540302, 120, 100, 1),
(10808, 176751, 1, 1, 1, -1430, 1789.32, 50.144, -3, 0, 0, -0.997495, 0.0707372, 120, 100, 1),
(991, 176751, 1, 1, 1, -1387, 2157.19, 66.905, -2, 0, 0, -0.841471, 0.540302, 120, 100, 1),
(8297, 176751, 1, 1, 1, -1384, 1839.38, 50.144, -3, 0, 0, -0.997495, 0.0707372, 120, 100, 1),
(5352, 176751, 1, 1, 1, -1359, 1787.08, 50.144, -2, 0, 0, -0.841471, 0.540302, 120, 100, 1),
(10528, 176751, 1, 1, 1, -1349, 2031.71, 50.144, -1, 0, 0, -0.479426, 0.877583, 120, 100, 1),
(13791, 176751, 1, 1, 1, -1347.18, 1933.94, 50.1442, 0.05236, 0, 0, 0.026177, 0.999657, 120, 100, 1),
(12962, 176751, 1, 1, 1, -1315.02, 1796.78, 50.1442, -1.0821, 0, 0, -0.515036, 0.857168, 120, 100, 1),
(10405, 176751, 1, 1, 1, -1307, 1950.24, 51.042, 0, 0, 0, 0, 1, 120, 100, 1),
(15847, 176751, 1, 1, 1, -1291, 1809.88, 50.144, -1, 0, 0, -0.479426, 0.877583, 120, 100, 1),
(3016, 176751, 1, 1, 1, -1278, 2101.69, 62.426, -3, 0, 0, -0.997495, 0.0707372, 120, 100, 1),
(10681, 176751, 1, 1, 1, -1259, 1999.79, 50.144, 0.454, 0, 0, 0.225056, 0.974346, 120, 100, 1);
REPLACE INTO `gameobject` (`guid`, `id`, `map`, `spawnMask`, `phaseMask`, `position_x`, `position_y`, `position_z`, `orientation`, `rotation0`, `rotation1`, `rotation2`, `rotation3`, `spawntimesecs`, `animprogress`, `state`) VALUES
(11738, 176752, 1, 1, 1, -1461, 1785.83, 50.274, -2, 0, 0, -0.841471, 0.540302, 120, 100, 1),
(2759, 176752, 1, 1, 1, -1430, 1789.32, 50.144, -3, 0, 0, -0.997495, 0.0707372, 120, 100, 1),
(16265, 176752, 1, 1, 1, -1387, 2157.19, 66.905, -2, 0, 0, -0.841471, 0.540302, 120, 100, 1),
(3765, 176752, 1, 1, 1, -1384, 1839.38, 50.144, -3, 0, 0, -0.997495, 0.0707372, 120, 100, 1),
(8340, 176752, 1, 1, 1, -1359, 1787.08, 50.144, -2, 0, 0, -0.841471, 0.540302, 120, 100, 1),
(8349, 176752, 1, 1, 1, -1349, 2031.71, 50.144, -1, 0, 0, -0.479426, 0.877583, 120, 100, 1),
(8352, 176752, 1, 1, 1, -1347.18, 1933.94, 50.1442, 0.05236, 0, 0, 0.026177, 0.999657, 120, 100, 1),
(8358, 176752, 1, 1, 1, -1315.02, 1796.78, 50.1442, -1.0821, 0, 0, -0.515036, 0.857168, 120, 100, 1),
(8359, 176752, 1, 1, 1, -1307, 1950.24, 51.042, 0, 0, 0, 0, 1, 120, 100, 1),
(8365, 176752, 1, 1, 1, -1291, 1809.88, 50.144, -1, 0, 0, -0.479426, 0.877583, 120, 100, 1),
(8367, 176752, 1, 1, 1, -1278, 2101.69, 62.426, -3, 0, 0, -0.997495, 0.0707372, 120, 100, 1),
(8368, 176752, 1, 1, 1, -1259, 1999.79, 50.144, 0.454, 0, 0, 0.225056, 0.974346, 120, 100, 1);
REPLACE INTO `pool_gameobject` (`guid`, `pool_entry`, `chance`, `description`) VALUES
('840', '14486', '0', 'GO=176752'),
('11738', '14486', '0', 'GO=176751'),
('10808', '14487', '0', 'GO=176752'),
('2759', '14487', '0', 'GO=176751'),
('991', '14488', '0', 'GO=176752'),
('16265', '14488', '0', 'GO=176751'),
('8297', '14489', '0', 'GO=176752'),
('3765', '14489', '0', 'GO=176751'),
('5352', '14490', '0', 'GO=176752'),
('8340', '14490', '0', 'GO=176751'),
('10528', '14491', '0', 'GO=176752'),
('8349', '14491', '0', 'GO=176751'),
('13791', '14492', '0', 'GO=176752'),
('8352', '14492', '0', 'GO=176751'),
('12962', '14493', '0', 'GO=176752'),
('8358', '14493', '0', 'GO=176751'),
('10405', '14494', '0', 'GO=176752'),
('8359', '14494', '0', 'GO=176751'),
('15847', '14495', '0', 'GO=176752'),
('8365', '14495', '0', 'GO=176751'),
('3016', '14496', '0', 'GO=176752'),
('8367', '14496', '0', 'GO=176751'),
('10681', '14497', '0', 'GO=176752'),
('8368', '14497', '0', 'GO=176751');
REPLACE INTO `gameobject` (`guid`, `id`, `map`, `spawnMask`, `phaseMask`, `position_x`, `position_y`, `position_z`, `orientation`, `rotation0`, `rotation1`, `rotation2`, `rotation3`, `spawntimesecs`, `animprogress`, `state`) VALUES
(8372, 176750, 1, 1, 1, -1461, 1785.83, 50.274, -2, 0, 0, -0.841471, 0.540302, 120, 100, 1),
(8380, 176750, 1, 1, 1, -1430, 1789.32, 50.144, -3, 0, 0, -0.997495, 0.0707372, 120, 100, 1),
(8384, 176750, 1, 1, 1, -1387, 2157.19, 66.905, -2, 0, 0, -0.841471, 0.540302, 120, 100, 1),
(8386, 176750, 1, 1, 1, -1384, 1839.38, 50.144, -3, 0, 0, -0.997495, 0.0707372, 120, 100, 1),
(8388, 176750, 1, 1, 1, -1359, 1787.08, 50.144, -2, 0, 0, -0.841471, 0.540302, 120, 100, 1),
(8391, 176750, 1, 1, 1, -1349, 2031.71, 50.144, -1, 0, 0, -0.479426, 0.877583, 120, 100, 1),
(8392, 176750, 1, 1, 1, -1347.18, 1933.94, 50.1442, 0.05236, 0, 0, 0.026177, 0.999657, 120, 100, 1),
(8393, 176750, 1, 1, 1, -1315.02, 1796.78, 50.1442, -1.0821, 0, 0, -0.515036, 0.857168, 120, 100, 1),
(8397, 176750, 1, 1, 1, -1307, 1950.24, 51.042, 0, 0, 0, 0, 1, 120, 100, 1),
(8407, 176750, 1, 1, 1, -1291, 1809.88, 50.144, -1, 0, 0, -0.479426, 0.877583, 120, 100, 1),
(8413, 176750, 1, 1, 1, -1278, 2101.69, 62.426, -3, 0, 0, -0.997495, 0.0707372, 120, 100, 1),
(8414, 176750, 1, 1, 1, -1259, 1999.79, 50.144, 0.454, 0, 0, 0.225056, 0.974346, 120, 100, 1);
REPLACE INTO `pool_template` (`entry`, `max_limit`, `description`) VALUES
('14486', '1', 'GO=176752 OR 176751'),
('14487', '1', 'GO=176752 OR 176751'),
('14488', '1', 'GO=176752 OR 176751'),
('14489', '1', 'GO=176752 OR 176751'),
('14490', '1', 'GO=176752 OR 176751'),
('14491', '1', 'GO=176752 OR 176751'),
('14492', '1', 'GO=176752 OR 176751'),
('14493', '1', 'GO=176752 OR 176751'),
('14494', '1', 'GO=176752 OR 176751'),
('14495', '1', 'GO=176752 OR 176751'),
('14496', '1', 'GO=176752 OR 176751'),
('14497', '1', 'GO=176752 OR 176751');
REPLACE INTO `item_required_target` (`entry`, `type`, `targetEntry`) VALUES
(37045, 2, 26414),
(37045, 2, 27177),
(37125, 2, 26414),
(37125, 2, 27177);
UPDATE `quest_template` SET `RequiredMaxRepFaction`='942', `RequiredMaxRepValue`='8999' WHERE `entry`=9802;
REPLACE INTO `conditions` (`condition_entry`, `type`, `value1`, `value2`) VALUES
('1870', '17', '28672', '0'), ('1871', '17', '28675', '0'), ('1872', '17', '28677', '0'),
('1873', '8', '10899', '0'), ('1874', '8', '10897', '0'), ('1875', '8', '10902', '0'),
('1876', '7', '171', '350'), ('1877', '15', '68', '1'),
('1878', '-2', '1873', '1874'), ('1879', '-2', '1875', '1878'),
('1880', '-1', '1876', '1877'), ('1881', '-1', '1879', '1880'),
('1882', '-2', '1870', '1871'), ('1883', '-2', '1872', '1882'),
('1884', '-3', '1883', '0'), ('1885', '-1', '1881', '1884'), 
('1886', '-1', '1870', '1881'), ('1887', '-1', '1871', '1881'), ('1888', '-1', '1872', '1881');
#
REPLACE INTO `gossip_menu_option` (`menu_id`, `id`, `option_icon`, `option_text`, `option_id`, `npc_option_npcflag`, `action_menu_id`, `action_poi_id`, `action_script_id`, `box_coded`, `box_money`, `box_text`, `condition_id`) VALUES
(7571, 0, 0, 'Please teach me how to become a Master of Potions, Lauranna.', 1, 1, -1, 0, 7571, 0, 0, NULL, 1885),
(7571, 1, 0, 'I wish to unlearn Potion Mastery.', 1, 1, -1, 0, 61, 0, 1500000, 'Do you really want to unlearn your alchemy specialty and lose all associated recipes?', 1887),
(8540, 0, 0, 'Please teach me how to become a Master of Elixirs, Lorokeem.', 1, 1, -1, 0, 8540, 0, 0, NULL, 1885),
(8540, 1, 0, 'I wish to unlearn Elixir Mastery.', 1, 1, -1, 0,62, 0, 1500000, 'Do you really want to unlearn your alchemy specialty and lose all associated recipes?', 1888),
(8542, 0, 0, 'Please teach me how to become a Master of Transmutations, Zarevhi.', 1, 1, -1, 0, 8542, 0, 0, NULL, 1885),
(8542, 1, 0, 'I wish to unlearn Transmutation Mastery.', 1, 1, -1, 0, 63, 0, 1500000, 'Do you really want to unlearn your alchemy specialty and lose all associated recipes?', 1886);
#
DELETE FROM `dbscripts_on_gossip` WHERE `id` in (7571,8540,8542,61,62,63);
INSERT INTO `dbscripts_on_gossip` (`id`, `delay`, `command`, `datalong`, `datalong2`, `buddy_entry`, `search_radius`, `data_flags`, `dataint`, `dataint2`, `dataint3`, `dataint4`, `x`, `y`, `z`, `o`, `comments`) VALUES
('7571', '0', '15', '28676', '0', '0', '0', '0', '0', '0', '0', '0', '0', '0', '0', '0', 'cast Potion Master'),
('8540', '0', '15', '28678', '0', '0', '0', '0', '0', '0', '0', '0', '0', '0', '0', '0', 'cast Elixir Master'),
('8542', '0', '15', '28674', '0', '0', '0', '0', '0', '0', '0', '0', '0', '0', '0', '0', 'cast Transmutation Master'),
('61', '0', '15', '41563', '0', '0', '0', '0', '0', '0', '0', '0', '0', '0', '0', '0', 'cast Unlearn Potion Mastery'),
('62', '0', '15', '41564', '0', '0', '0', '0', '0', '0', '0', '0', '0', '0', '0', '0', 'cast Unlearn Elixir Mastery'),
('63', '0', '15', '41565', '0', '0', '0', '0', '0', '0', '0', '0', '0', '0', '0', '0', 'cast Unlearn Transmutation Mastery');
REPLACE INTO `conditions` (`condition_entry`, `type`, `value1`, `value2`) VALUES
('1870', '17', '28672', '0'), ('1871', '17', '28675', '0'), ('1872', '17', '28677', '0'),
('1873', '8', '10899', '0'), ('1874', '8', '10897', '0'), ('1875', '8', '10902', '0'),
('1876', '7', '171', '350'), ('1877', '15', '68', '1'),
('1878', '-2', '1873', '1874'), ('1879', '-2', '1875', '1878'),
('1880', '-1', '1876', '1877'), ('1881', '-1', '1879', '1880'),
('1882', '-2', '1870', '1871'), ('1883', '-2', '1872', '1882'),
('1884', '-3', '1883', '0'), ('1885', '-1', '1881', '1884'), 
('1886', '-1', '1870', '1881'), ('1887', '-1', '1871', '1881'), ('1888', '-1', '1872', '1881');
#
REPLACE INTO `gossip_menu_option` (`menu_id`, `id`, `option_icon`, `option_text`, `option_id`, `npc_option_npcflag`, `action_menu_id`, `action_poi_id`, `action_script_id`, `box_coded`, `box_money`, `box_text`, `condition_id`) VALUES
(7571, 0, 0, 'Please teach me how to become a Master of Potions, Lauranna.', 1, 1, -1, 0, 7571, 0, 0, NULL, 1885),
(7571, 1, 0, 'I wish to unlearn Potion Mastery.', 1, 1, -1, 0, 61, 0, 1500000, 'Do you really want to unlearn your alchemy specialty and lose all associated recipes?', 1887),
(8540, 0, 0, 'Please teach me how to become a Master of Elixirs, Lorokeem.', 1, 1, -1, 0, 8540, 0, 0, NULL, 1885),
(8540, 1, 0, 'I wish to unlearn Elixir Mastery.', 1, 1, -1, 0,62, 0, 1500000, 'Do you really want to unlearn your alchemy specialty and lose all associated recipes?', 1888),
(8542, 0, 0, 'Please teach me how to become a Master of Transmutations, Zarevhi.', 1, 1, -1, 0, 8542, 0, 0, NULL, 1885),
(8542, 1, 0, 'I wish to unlearn Transmutation Mastery.', 1, 1, -1, 0, 63, 0, 1500000, 'Do you really want to unlearn your alchemy specialty and lose all associated recipes?', 1886);
#
DELETE FROM `dbscripts_on_gossip` WHERE `id` in (7571,8540,8542,61,62,63);
INSERT INTO `dbscripts_on_gossip` (`id`, `delay`, `command`, `datalong`, `datalong2`, `buddy_entry`, `search_radius`, `data_flags`, `dataint`, `dataint2`, `dataint3`, `dataint4`, `x`, `y`, `z`, `o`, `comments`) VALUES
('7571', '0', '15', '28676', '0', '0', '0', '0', '0', '0', '0', '0', '0', '0', '0', '0', 'cast Potion Master'),
('8540', '0', '15', '28678', '0', '0', '0', '0', '0', '0', '0', '0', '0', '0', '0', '0', 'cast Elixir Master'),
('8542', '0', '15', '28674', '0', '0', '0', '0', '0', '0', '0', '0', '0', '0', '0', '0', 'cast Transmutation Master'),
('61', '0', '15', '41563', '0', '0', '0', '0', '0', '0', '0', '0', '0', '0', '0', '0', 'cast Unlearn Potion Mastery'),
('62', '0', '15', '41564', '0', '0', '0', '0', '0', '0', '0', '0', '0', '0', '0', '0', 'cast Unlearn Elixir Mastery'),
('63', '0', '15', '41565', '0', '0', '0', '0', '0', '0', '0', '0', '0', '0', '0', '0', 'cast Unlearn Transmutation Mastery');
REPLACE INTO `gossip_menu` (`entry`, `text_id`, `script_id`, `condition_id`) VALUES
('8530', '10669', '0', '0'),
('8532', '10673', '0', '0'),
('8531', '10671', '0', '0');
#
REPLACE INTO `conditions` (`condition_entry`, `type`, `value1`, `value2`) VALUES
('1889', '17', '26797', '0'), ('1890', '17', '26798', '0'), ('1891', '17', '26801', '0'),
('1892', '8', '10832', '0'), ('1893', '8', '10831', '0'), ('1894', '8', '10833', '0'),
('1895', '7', '197', '350'), ('1896', '15', '60', '1'),
('1897', '-2', '1892', '1893'), ('1898', '-2', '1894', '1897'),
('1899', '-1', '1895', '1896'), ('1900', '-1', '1898', '1899'),
('1901', '-2', '1889', '1890'), ('1902', '-2', '1891', '1901'),
('1903', '-3', '1902', '0'), ('1904', '-1', '1900', '1903'),
('1905', '-1', '1889', '1900'), ('1906', '-1', '1890', '1900'), ('1907', '-1', '1891', '1900');
#
REPLACE INTO `gossip_menu_option` (`menu_id`, `id`, `option_icon`, `option_text`, `option_id`, `npc_option_npcflag`, `action_menu_id`, `action_poi_id`, `action_script_id`, `box_coded`, `box_money`, `box_text`, `condition_id`) VALUES
(8531, 1, 0, 'Please teach me how to become a Spellfire tailoring.', 1, 1, -1, 0, 8531, 0, 0, NULL, 1904),
(8531, 2, 0, 'I wish to unlearn Spellfire Tailoring.', 1, 1, -1, 0, 64, 0, 1500000, 'Do you really want to unlearn your tailoring specialty and lose all associated recipes?', 1905),
(8530, 1, 0, 'Please teach me how to become a Mooncloth tailoring.', 1, 1, -1, 0, 8530, 0, 0, NULL, 1904),
(8530, 2, 0, 'I wish to unlearn Mooncloth Tailoring.', 1, 1, -1, 0,65, 0, 1500000, 'Do you really want to unlearn your tailoring specialty and lose all associated recipes?', 1906),
(8532, 1, 0, 'Please teach me how to become a Shadoweave tailoring.', 1, 1, -1, 0, 8532, 0, 0, NULL, 1904),
(8532, 2, 0, 'I wish to unlearn Shadoweave Tailoring.', 1, 1, -1, 0, 66, 0, 1500000, 'Do you really want to unlearn your tailoring specialty and lose all associated recipes?', 1907);
#
DELETE FROM `dbscripts_on_gossip` WHERE `id` in (8531,8530,8532,64,65,66);
INSERT INTO `dbscripts_on_gossip` (`id`, `delay`, `command`, `datalong`, `datalong2`, `buddy_entry`, `search_radius`, `data_flags`, `dataint`, `dataint2`, `dataint3`, `dataint4`, `x`, `y`, `z`, `o`, `comments`) VALUES
('8531', '0', '15', '26796', '0', '0', '0', '0', '0', '0', '0', '0', '0', '0', '0', '0', 'cast Spellfire Tailoring'),
('8530', '0', '15', '26799', '0', '0', '0', '0', '0', '0', '0', '0', '0', '0', '0', '0', 'cast Mooncloth Tailoring'),
('8532', '0', '15', '26800', '0', '0', '0', '0', '0', '0', '0', '0', '0', '0', '0', '0', 'cast Shadoweave Tailoring'),
('64', '0', '15', '41299', '0', '0', '0', '0', '0', '0', '0', '0', '0', '0', '0', '0', 'cast Unlearn Spellfire Tailoring'),
('65', '0', '15', '41558', '0', '0', '0', '0', '0', '0', '0', '0', '0', '0', '0', '0', 'cast Unlearn Mooncloth Tailoring'),
('66', '0', '15', '41559', '0', '0', '0', '0', '0', '0', '0', '0', '0', '0', '0', '0', 'cast Unlearn Shadoweave Tailoring');
REPLACE INTO `conditions` (`condition_entry`, `type`, `value1`, `value2`) VALUES
('1908', '17', '42296', '1'), ('1909', '17', '42302', '1'), ('1910', '17', '42305', '1'),
('1911', '-2', '1908', '1909'), ('1912', '-2', '1910', '1911');
UPDATE `gossip_menu_option` SET `condition_id`='1912' WHERE `menu_id`=8785 AND `id`=0;
UPDATE `gossip_menu` SET `condition_id`='1912' WHERE `entry`=8785 AND `text_id`=11231;
REPLACE INTO `gossip_menu` (`entry`, `text_id`, `script_id`, `condition_id`) VALUES ('8785', '11233', '0', '0');
UPDATE `gossip_menu_option` SET `option_icon`='3' WHERE `menu_id`=8784 AND `id`=1;
REPLACE INTO `conditions` (`condition_entry`, `type`, `value1`, `value2`) VALUES ('1913', '29', '197', '1');
UPDATE `gossip_menu` SET `condition_id`='1913' WHERE `entry`=8530 AND `text_id`=10670;
UPDATE `gossip_menu` SET `condition_id`='1913' WHERE `entry`=8531 AND `text_id`=10672;
UPDATE `gossip_menu` SET `condition_id`='1913' WHERE `entry`=8532 AND `text_id`=10674;
DELETE FROM `creature_involvedrelation` WHERE `quest` in (3645,3647,3644,3646);
UPDATE `item_loot_template` SET `ChanceOrQuestChance`='0', `groupid`='1' WHERE `entry`=11423 AND `item`=10559;
UPDATE `item_loot_template` SET `ChanceOrQuestChance`='0', `groupid`='1' WHERE `entry`=11423 AND `item`=10560;
UPDATE `item_loot_template` SET `ChanceOrQuestChance`='0', `groupid`='1' WHERE `entry`=11423 AND `item`=10561;
UPDATE `item_loot_template` SET `ChanceOrQuestChance`='0', `groupid`='1' WHERE `entry`=11422 AND `item`=4394;
UPDATE `item_loot_template` SET `ChanceOrQuestChance`='0', `groupid`='1' WHERE `entry`=11422 AND `item`=10514;
UPDATE `item_loot_template` SET `ChanceOrQuestChance`='0', `groupid`='1' WHERE `entry`=11422 AND `item`=10562;
UPDATE `quest_template` SET `RequiredSkillValue`='200', `PrevQuestId`='3639', `ExclusiveGroup`='0' WHERE `entry`=3644;
UPDATE `quest_template` SET `RequiredSkillValue`='200', `PrevQuestId`='3639', `ExclusiveGroup`='0' WHERE `entry`=3646;
UPDATE `quest_template` SET `RequiredSkillValue`='200', `PrevQuestId`='3641', `ExclusiveGroup`='0' WHERE `entry`=3645;
UPDATE `quest_template` SET `RequiredSkillValue`='200', `NextQuestId`='3643', `ExclusiveGroup`='0' WHERE `entry`=3647;
DELETE FROM `item_loot_template` WHERE `entry` = 11422 AND `item` = 3832;
DELETE FROM `item_loot_template` WHERE `entry` = 11423 AND `item` = 7975;
UPDATE `item_loot_template` SET `ChanceOrQuestChance`='5', `groupid`='1' WHERE `entry`=11422 AND `item`=11828;
REPLACE INTO `item_loot_template` (`entry`, `item`, `ChanceOrQuestChance`, `groupid`, `mincountOrRef`, `maxcount`, `condition_id`) VALUES
('11422', '4416', '5', '1', '1', '1', '0'),
('11422', '4417', '5', '1', '1', '1', '0'),
('11423', '11827', '5', '1', '1', '1', '0'),
('11423', '10603', '5', '1', '1', '1', '0'),
('11423', '10606', '5', '1', '1', '1', '0');
REPLACE INTO `gossip_menu` (`entry`, `text_id`, `script_id`, `condition_id`) VALUES ('7058', '8322', '0', '1917');
#
REPLACE INTO `conditions` (`condition_entry`, `type`, `value1`, `value2`) VALUES
('1914', '8', '3639', '0'), ('1915', '8', '3641', '0'), ('1916', '8', '3643', '0'),
('1917', '7', '202', '200'), 
('1918', '-2', '1914', '1915'),('1919', '-2', '1916', '1918'),
('1920', '-1', '348', '1917'), ('1921', '-1', '1919', '1920'),
('1922', '-2', '899', '900'), 
('1923', '-3', '1922', '0'), ('1924', '-1', '1921', '1923'),
('1925', '-1', '899', '1921'), ('1926', '-1', '900', '1921');
#
REPLACE INTO `gossip_menu_option` (`menu_id`, `id`, `option_icon`, `option_text`, `option_id`, `npc_option_npcflag`, `action_menu_id`, `action_poi_id`, `action_script_id`, `box_coded`, `box_money`, `box_text`, `condition_id`) VALUES
(7058,0,0,'I am absolutely certain that i want to learn Gnomish engineer.',1,1,-1,0,67,0,0,NULL,1924),
(7058,1,0,'I am absolutely certain that i want to learn Goblin engineer.',1,1,-1,0,68,0,0,NULL,1924),
(7058,2,0,'I wish to unlearn Gnomish engineer.',1,1,-1,0,69,0,1500000,'Do you really want to unlearn your engineer specialty and lose all associated recipes?',1926),
(7058,3,0,'I wish to unlearn Goblin engineer.',1,1,-1,0,70,0,1500000,'Do you really want to unlearn your engineer specialty and lose all associated recipes?',1925);
#
DELETE FROM `dbscripts_on_gossip` WHERE `id` in (67,68,69,70);
INSERT INTO `dbscripts_on_gossip` (`id`, `delay`, `command`, `datalong`, `datalong2`, `buddy_entry`, `search_radius`, `data_flags`, `dataint`, `dataint2`, `dataint3`, `dataint4`, `x`, `y`, `z`, `o`, `comments`) VALUES
('67', '0', '15', '20220', '0', '0', '0', '0', '0', '0', '0', '0', '0', '0', '0', '0', 'cast Gnomish Engineering'),
('68', '0', '15', '20221', '0', '0', '0', '0', '0', '0', '0', '0', '0', '0', '0', '0', 'cast Goblin Engineering'),
('69', '0', '15', '68333', '0', '0', '0', '0', '0', '0', '0', '0', '0', '0', '0', '0', 'cast Unlearn Gnomish Engineering'),
('70', '0', '15', '68334', '0', '0', '0', '0', '0', '0', '0', '0', '0', '0', '0', '0', 'cast Unlearn Goblin Engineering');
UPDATE `creature_template` SET `InhabitType` = 5 WHERE `entry` in (28859,31734);
UPDATE `creature_template` SET `unit_flags` = 32768 WHERE `entry` = 33224;
UPDATE `creature_model_info` SET `bounding_radius`=0.875, `combat_reach`=1.75 WHERE `modelid`=25669;
UPDATE `creature_model_info` SET `bounding_radius`=1.5, `combat_reach`=3 WHERE `modelid`=25672;
REPLACE INTO `gossip_menu` (`entry`,`text_id`) VALUES (9011,12175);
REPLACE INTO `conditions` (`condition_entry`, `type`, `value1`, `value2`) VALUES ('1927', '8', '7487', '0'), ('1928', '-2', '865', '1927');
UPDATE `gossip_menu_option` SET `condition_id`='1928' WHERE `menu_id`=5750;
UPDATE `creature` SET `phaseMask` = 65535 WHERE `id` = 32520;
UPDATE IGNORE `creature_involvedrelation` SET `id`=38017 WHERE `id`=38589 AND `quest`=24872;

DELETE FROM `creature` WHERE `id`=23118;
INSERT INTO `creature` (`guid`,`id`,`map`,`spawnMask`,`phaseMask`,`modelid`,`equipment_id`,`position_x`,`position_y`,`position_z`,`orientation`,`spawntimesecs`,`spawndist`,`currentwaypoint`,`curhealth`,`curmana`,`MovementType`) VALUES
(35941, 23118, 530, 1, 1, 16946, 0, 1643.32, 7238.97, 366.054, 2.93214, 300, 0, 0, 6986, 0, 0),
(35973, 23118, 530, 1, 1, 16946, 0, 1704.03, 7353.13, 367.527, 2.35619, 300, 0, 0, 6986, 0, 0),
(35989, 23118, 530, 1, 1, 16946, 0, 1699.96, 7339.74, 367.089, 2.82743, 300, 0, 0, 6986, 0, 0),
(35994, 23118, 530, 1, 1, 16946, 0, 1650.05, 7206.13, 366.119, 1.22173, 300, 0, 0, 6986, 0, 0),
(35998, 23118, 530, 1, 1, 16946, 0, 1724.26, 7378.03, 366.982, 4.15388, 300, 0, 0, 6986, 0, 0),
(36006, 23118, 530, 1, 1, 16946, 0, 1529.18, 7298.37, 363.829, 4.32842, 300, 0, 0, 6986, 0, 0),
(36007, 23118, 530, 1, 1, 16946, 0, 3023.58, 6858.52, 366.631, 1.23918, 300, 0, 0, 6986, 0, 0),
(36010, 23118, 530, 1, 1, 16946, 0, 3011.22, 6877.99, 367.878, 5.93412, 300, 0, 0, 6986, 0, 0),
(36032, 23118, 530, 1, 1, 16946, 0, 2948.57, 6812.98, 363.699, 0.104719, 300, 0, 0, 6986, 0, 0),
(36090, 23118, 530, 1, 1, 16946, 0, 1637.6, 7223.6, 365.93, 1.88495, 300, 0, 0, 6986, 0, 0),
(36146, 23118, 530, 1, 1, 16946, 0, 1412.62, 7361.1, 367.188, 0.261798, 300, 0, 0, 6986, 0, 0),
(36149, 23118, 530, 1, 1, 16946, 0, 1444.9, 7303.92, 370.784, 2.91469, 300, 0, 0, 6986, 0, 0),
(36178, 23118, 530, 1, 1, 16946, 0, 1354.69, 7202.29, 372.644, 5.25344, 300, 0, 0, 6986, 0, 0),
(36210, 23118, 530, 1, 1, 16946, 0, 1341.6, 7217.47, 372.157, 1.3439, 300, 0, 0, 6986, 0, 0),
(36214, 23118, 530, 1, 1, 16946, 0, 1437.1, 7289.25, 370.88, 0.488691, 300, 0, 0, 6986, 0, 0),
(36240, 23118, 530, 1, 1, 16946, 0, 1339.8, 7300.03, 365.651, 0.366518, 300, 0, 0, 6986, 0, 0),
(36241, 23118, 530, 1, 1, 16946, 0, 1303.51, 7190.83, 368.661, 3.29869, 300, 0, 0, 6986, 0, 0),
(36242, 23118, 530, 1, 1, 16946, 0, 2938.48, 6825.41, 364.36, 4.69494, 300, 0, 0, 6986, 0, 0),
(36264, 23118, 530, 1, 1, 16946, 0, 2984.19, 7046.94, 366.003, 0.942477, 300, 0, 0, 6986, 0, 0),
(36289, 23118, 530, 1, 1, 16946, 0, 2931.48, 7094.81, 365.723, 3.99681, 300, 0, 0, 6986, 0, 0),
(36322, 23118, 530, 1, 1, 16946, 0, 2786.61, 7036.28, 367.77, 4.24115, 300, 0, 0, 6986, 0, 0),
(36417, 23118, 530, 1, 1, 16946, 0, 3028.7, 6820.36, 370.92, 3.73501, 300, 0, 0, 6986, 0, 0),
(36435, 23118, 530, 1, 1, 16946, 0, 2955.56, 6864.21, 367.199, 0.942477, 300, 0, 0, 6986, 0, 0),
(36441, 23118, 530, 1, 1, 16946, 0, 3000.59, 7042.18, 365.573, 5.74214, 300, 0, 0, 6986, 0, 0),
(36498, 23118, 530, 1, 1, 16946, 0, 2961.54, 6880.36, 367.312, 1.95477, 300, 0, 0, 6986, 0, 0),
(36540, 23118, 530, 1, 1, 16946, 0, 3023.44, 6800.6, 371.577, 3.7001, 300, 0, 0, 6986, 0, 0),
(36619, 23118, 530, 1, 1, 16946, 0, 2931.04, 7013.56, 364.148, 4.29351, 300, 0, 0, 6986, 0, 0),
(36621, 23118, 530, 1, 1, 16946, 0, 2939.98, 7106.33, 367.228, 2.32129, 300, 0, 0, 6986, 0, 0),
(36628, 23118, 530, 1, 1, 16946, 0, 1448.18, 7207.93, 366.154, 5.5676, 300, 0, 0, 6986, 0, 0),
(36632, 23118, 530, 1, 1, 16946, 0, 1524.37, 7225.66, 365.926, 4.7473, 300, 0, 0, 6986, 0, 0),
(36635, 23118, 530, 1, 1, 16946, 0, 1445.14, 7227.43, 367.083, 0.925024, 300, 0, 0, 6986, 0, 0),
(36637, 23118, 530, 1, 1, 16946, 0, 1361.81, 7161.54, 368.241, 0.104719, 300, 0, 0, 6986, 0, 0),
(36723, 23118, 530, 1, 1, 16946, 0, 1508, 7209.45, 367.551, 0.209439, 300, 0, 0, 6986, 0, 0),
(36739, 23118, 530, 1, 1, 16946, 0, 2827.98, 7021.89, 367.26, 0.541051, 300, 0, 0, 6986, 0, 0),
(36762, 23118, 530, 1, 1, 16946, 0, 2764.71, 7024.45, 367.286, 2.89724, 300, 0, 0, 6986, 0, 0),
(36766, 23118, 530, 1, 1, 16946, 0, 2978.41, 6891.21, 366.728, 1.79769, 300, 0, 0, 6986, 0, 0),
(36819, 23118, 530, 1, 1, 16946, 0, 2824.71, 7044.79, 366.961, 5.53269, 300, 0, 0, 6986, 0, 0),
(36836, 23118, 530, 1, 1, 16946, 0, 2925.19, 7031.01, 364.781, 3.87463, 300, 0, 0, 6986, 0, 0);

DELETE FROM `pool_gameobject` WHERE `guid` = 26457;
DELETE FROM `pool_gameobject` WHERE `guid` = 26461;
DELETE FROM `pool_gameobject` WHERE `guid` = 26453;
DELETE FROM `pool_gameobject` WHERE `guid` = 26460;
REPLACE INTO `pool_template` (`entry`, `max_limit`, `description`) VALUES ('1083', '1', '');
REPLACE INTO `pool_gameobject` (`guid`, `pool_entry`, `chance`, `description`) VALUES ('40679', '1083', '0', ''), ('40617', '1083', '0', '');
REPLACE INTO `pool_gameobject_template` (`id`, `pool_entry`, `chance`, `description`) VALUES ('180248', '1095', '0', 'School of Tastyfish');
UPDATE `pool_template` SET `max_limit`='40', `description`='GO=180248' WHERE `entry`=1095;
REPLACE INTO `pool_template` (`entry`, `max_limit`, `description`) VALUES ('1000', '1', '');
REPLACE INTO `pool_gameobject` (`guid`, `pool_entry`, `chance`, `description`) VALUES ('40677', '1000', '0', ''), ('26557', '1000', '0', '');
REPLACE INTO `pool_template` (`entry`, `max_limit`, `description`) VALUES ('999', '1', '');
REPLACE INTO `pool_gameobject` (`guid`, `pool_entry`, `chance`, `description`) VALUES ('40609', '999', '0', ''), ('26675', '999', '0', '');
REPLACE INTO `pool_template` (`entry`, `max_limit`, `description`) VALUES ('998', '1', '');
REPLACE INTO `pool_gameobject` (`guid`, `pool_entry`, `chance`, `description`) VALUES ('40607', '998', '0', ''), ('40686', '998', '0', '');
REPLACE INTO `pool_template` (`entry`, `max_limit`, `description`) VALUES ('997', '1', '');
REPLACE INTO `pool_gameobject` (`guid`, `pool_entry`, `chance`, `description`) VALUES ('40685', '997', '0', ''), ('4195', '997', '0', '');
REPLACE INTO `pool_template` (`entry`, `max_limit`, `description`) VALUES ('996', '1', '');
REPLACE INTO `pool_gameobject` (`guid`, `pool_entry`, `chance`, `description`) VALUES ('26672', '996', '0', ''), ('40729', '996', '0', '');
REPLACE INTO `pool_template` (`entry`, `max_limit`, `description`) VALUES ('995', '1', '');
REPLACE INTO `pool_gameobject` (`guid`, `pool_entry`, `chance`, `description`) VALUES ('4208', '995', '0', ''), ('4199', '995', '0', '');
REPLACE INTO `pool_template` (`entry`, `max_limit`, `description`) VALUES ('994', '1', '');
REPLACE INTO `pool_gameobject` (`guid`, `pool_entry`, `chance`, `description`) VALUES ('4207', '994', '0', ''), ('40727', '994', '0', '');
REPLACE INTO `pool_template` (`entry`, `max_limit`, `description`) VALUES ('993', '1', '');
REPLACE INTO `pool_gameobject` (`guid`, `pool_entry`, `chance`, `description`) VALUES ('40680', '993', '0', ''), ('4192', '993', '0', '');
REPLACE INTO `pool_template` (`entry`, `max_limit`, `description`) VALUES ('992', '1', '');
REPLACE INTO `pool_gameobject` (`guid`, `pool_entry`, `chance`, `description`) VALUES ('40678', '992', '0', ''), ('40717', '992', '0', '');
REPLACE INTO `pool_template` (`entry`, `max_limit`, `description`) VALUES ('991', '1', '');
REPLACE INTO `pool_gameobject` (`guid`, `pool_entry`, `chance`, `description`) VALUES ('40603', '991', '0', ''), ('4231', '991', '0', '');
REPLACE INTO `pool_template` (`entry`, `max_limit`, `description`) VALUES ('990', '1', '');
REPLACE INTO `pool_gameobject` (`guid`, `pool_entry`, `chance`, `description`) VALUES ('40600', '990', '0', ''), ('26648', '990', '0', '');
REPLACE INTO `pool_template` (`entry`, `max_limit`, `description`) VALUES ('989', '1', '');
REPLACE INTO `pool_gameobject` (`guid`, `pool_entry`, `chance`, `description`) VALUES ('40599', '989', '0', ''), ('4241', '989', '0', '');
REPLACE INTO `pool_template` (`entry`, `max_limit`, `description`) VALUES ('988', '1', '');
REPLACE INTO `pool_gameobject` (`guid`, `pool_entry`, `chance`, `description`) VALUES ('26534', '988', '0', ''), ('26658', '988', '0', '');
REPLACE INTO `pool_template` (`entry`, `max_limit`, `description`) VALUES ('987', '1', '');
REPLACE INTO `pool_gameobject` (`guid`, `pool_entry`, `chance`, `description`) VALUES ('26654', '987', '0', ''), ('26551', '987', '0', '');
REPLACE INTO `pool_template` (`entry`, `max_limit`, `description`) VALUES ('986', '1', '');
REPLACE INTO `pool_gameobject` (`guid`, `pool_entry`, `chance`, `description`) VALUES ('4237', '986', '0', ''), ('26543', '986', '0', '');
REPLACE INTO `pool_template` (`entry`, `max_limit`, `description`) VALUES ('985', '1', '');
REPLACE INTO `pool_gameobject` (`guid`, `pool_entry`, `chance`, `description`) VALUES ('26650', '985', '0', ''), ('40763', '985', '0', '');
REPLACE INTO `pool_template` (`entry`, `max_limit`, `description`) VALUES ('984', '1', '');
REPLACE INTO `pool_gameobject` (`guid`, `pool_entry`, `chance`, `description`) VALUES ('4228', '984', '0', ''), ('40762', '984', '0', '');
REPLACE INTO `pool_template` (`entry`, `max_limit`, `description`) VALUES ('983', '1', '');
REPLACE INTO `pool_gameobject` (`guid`, `pool_entry`, `chance`, `description`) VALUES ('26659', '983', '0', ''), ('26693', '983', '0', '');
REPLACE INTO `pool_template` (`entry`, `max_limit`, `description`) VALUES ('982', '1', '');
REPLACE INTO `pool_gameobject` (`guid`, `pool_entry`, `chance`, `description`) VALUES ('26661', '982', '0', ''), ('40752', '982', '0', '');
REPLACE INTO `pool_template` (`entry`, `max_limit`, `description`) VALUES ('981', '1', '');
REPLACE INTO `pool_gameobject` (`guid`, `pool_entry`, `chance`, `description`) VALUES ('40732', '981', '0', ''), ('40689', '981', '0', '');
REPLACE INTO `pool_template` (`entry`, `max_limit`, `description`) VALUES ('980', '1', '');
REPLACE INTO `pool_gameobject` (`guid`, `pool_entry`, `chance`, `description`) VALUES ('4206', '980', '0', ''), ('4203', '980', '0', '');
REPLACE INTO `pool_template` (`entry`, `max_limit`, `description`) VALUES ('979', '1', '');
REPLACE INTO `pool_gameobject` (`guid`, `pool_entry`, `chance`, `description`) VALUES ('40749', '979', '0', ''), ('40688', '979', '0', '');
REPLACE INTO `pool_template` (`entry`, `max_limit`, `description`) VALUES ('978', '1', '');
REPLACE INTO `pool_gameobject` (`guid`, `pool_entry`, `chance`, `description`) VALUES ('40748', '978', '0', ''), ('40708', '978', '0', '');
REPLACE INTO `pool_template` (`entry`, `max_limit`, `description`) VALUES ('977', '1', '');
REPLACE INTO `pool_gameobject` (`guid`, `pool_entry`, `chance`, `description`) VALUES ('40743', '977', '0', ''), ('4202', '977', '0', '');
REPLACE INTO `pool_template` (`entry`, `max_limit`, `description`) VALUES ('976', '1', '');
REPLACE INTO `pool_gameobject` (`guid`, `pool_entry`, `chance`, `description`) VALUES ('40753', '976', '0', ''), ('40731', '976', '0', '');
REPLACE INTO `pool_template` (`entry`, `max_limit`, `description`) VALUES ('975', '1', '');
REPLACE INTO `pool_gameobject` (`guid`, `pool_entry`, `chance`, `description`) VALUES ('40740', '975', '0', ''), ('40692', '975', '0', '');
REPLACE INTO `pool_template` (`entry`, `max_limit`, `description`) VALUES ('974', '1', '');
REPLACE INTO `pool_gameobject` (`guid`, `pool_entry`, `chance`, `description`) VALUES ('4189', '974', '0', ''), ('4190', '974', '0', '');
REPLACE INTO `pool_template` (`entry`, `max_limit`, `description`) VALUES ('973', '1', '');
REPLACE INTO `pool_gameobject` (`guid`, `pool_entry`, `chance`, `description`) VALUES ('40691', '973', '0', ''), ('40693', '973', '0', '');
REPLACE INTO `pool_template` (`entry`, `max_limit`, `description`) VALUES ('972', '1', '');
REPLACE INTO `pool_gameobject` (`guid`, `pool_entry`, `chance`, `description`) VALUES ('40719', '972', '0', ''), ('40738', '972', '0', '');
REPLACE INTO `pool_template` (`entry`, `max_limit`, `description`) VALUES ('971', '1', '');
REPLACE INTO `pool_gameobject` (`guid`, `pool_entry`, `chance`, `description`) VALUES ('40739', '971', '0', ''), ('40733', '971', '0', '');
REPLACE INTO `pool_template` (`entry`, `max_limit`, `description`) VALUES ('970', '1', '');
REPLACE INTO `pool_gameobject` (`guid`, `pool_entry`, `chance`, `description`) VALUES ('40744', '970', '0', ''), ('40696', '970', '0', '');
REPLACE INTO `pool_template` (`entry`, `max_limit`, `description`) VALUES ('969', '1', '');
REPLACE INTO `pool_gameobject` (`guid`, `pool_entry`, `chance`, `description`) VALUES ('26700', '969', '0', ''), ('40694', '969', '0', '');
REPLACE INTO `pool_template` (`entry`, `max_limit`, `description`) VALUES ('968', '1', '');
REPLACE INTO `pool_gameobject` (`guid`, `pool_entry`, `chance`, `description`) VALUES ('26701', '968', '0', ''), ('40695', '968', '0', '');
REPLACE INTO `pool_template` (`entry`, `max_limit`, `description`) VALUES ('967', '1', '');
REPLACE INTO `pool_gameobject` (`guid`, `pool_entry`, `chance`, `description`) VALUES ('40747', '967', '0', ''), ('40697', '967', '0', '');
REPLACE INTO `gameobject` (`guid`, `id`, `map`, `spawnMask`, `phaseMask`, `position_x`, `position_y`, `position_z`, `orientation`, `rotation0`, `rotation1`, `rotation2`, `rotation3`, `spawntimesecs`, `animprogress`, `state`) VALUES
(8499, 180685, 0, 1, 1, -12313.4, -311.831, 10.0699, 1.79769, 0, 0, 0.782608, 0.622514, 180, 100, 1);
REPLACE INTO `pool_template` (`entry`, `max_limit`, `description`) VALUES ('966', '1', '');
REPLACE INTO `pool_gameobject` (`guid`, `pool_entry`, `chance`, `description`) VALUES ('40699', '966', '0', ''), ('8499', '966', '0', '');
UPDATE creature_model_info SET `bounding_radius` = 3.1,`combat_reach` = 50 WHERE `modelid` = 27093;
UPDATE creature_model_info SET `bounding_radius` = 1.55,`combat_reach` = 5 WHERE `modelid` = 26935;
UPDATE creature_model_info SET `bounding_radius` = 1.35,`combat_reach` = 1.35 WHERE `modelid` = 27346;
UPDATE creature_model_info SET `bounding_radius` = 0.534723,`combat_reach` = 3.5 WHERE `modelid` = 26611;
UPDATE creature_model_info SET `bounding_radius` = 0.347,`combat_reach` = 1.5 WHERE `modelid` = 29324;
UPDATE creature_model_info SET `bounding_radius` = 0.31,`combat_reach` = 25 WHERE `modelid` = 28821;
UPDATE creature_model_info SET `bounding_radius` = 0.31,`combat_reach` = 25 WHERE `modelid` = 28822;
UPDATE creature_model_info SET `bounding_radius` = 0.306,`combat_reach` = 1.5 WHERE `modelid` = 30688;
UPDATE creature_model_info SET `bounding_radius` = 0.306,`combat_reach` = 1.5 WHERE `modelid` = 29444;
UPDATE creature_model_info SET `bounding_radius` = 0.306,`combat_reach` = 1.5 WHERE `modelid` = 29392;
UPDATE creature_model_info SET `bounding_radius` = 0.306,`combat_reach` = 1.5 WHERE `modelid` = 29337;
UPDATE creature_model_info SET `bounding_radius` = 0.306,`combat_reach` = 1.5 WHERE `modelid` = 30770;
UPDATE creature_model_info SET `bounding_radius` = 0.208,`combat_reach` = 1.5 WHERE `modelid` = 29394;
UPDATE creature_model_info SET `bounding_radius` = 0.208,`combat_reach` = 1.5 WHERE `modelid` = 29400;
UPDATE creature_model_info SET `bounding_radius` = 0.208,`combat_reach` = 1.5 WHERE `modelid` = 29329;

UPDATE `creature_template` SET `faction_A` = 84, `faction_H` = 84 WHERE `entry` IN (37144,38097,37017,38078,36961,38261,38691,38692,37021,38085,36969,38408,38689,38690,37016,38081,37148,38084,36950,38406,38685,38686,36978,38407,38687,38688,37003,38086,37026,38083,37116,38256,38693,38694,37004,38079,37027,38080,36998,38082);
UPDATE `creature_template` SET `InhabitType` = 4 WHERE `entry` = 27292;
UPDATE `creature_template` SET `mechanic_immune_mask` = `mechanic_immune_mask` & ~(1|2|4|8|32|64|128|256|512|1024|2048|4096|8192|65536|131072|524288|4194304|67108864|536870912) WHERE `entry` = 36066;
UPDATE `creature_template` SET `mechanic_immune_mask` = `mechanic_immune_mask` |1|2|4|8|32|64|128|256|512|1024|2048|4096|8192|65536|131072|524288|4194304|67108864|536870912 WHERE `entry` = 34496;
UPDATE `creature_template` SET `InhabitType` = 5 WHERE `entry` IN (28859,31734);
INSERT IGNORE INTO `npc_text` (`ID`, `text0_0`, `text0_1`, `lang0`, `prob0`, `em0_0`, `em0_1`, `em0_2`, `em0_3`, `em0_4`, `em0_5`, `text1_0`, `text1_1`, `lang1`, `prob1`, `em1_0`, `em1_1`, `em1_2`, `em1_3`, `em1_4`, `em1_5`, `text2_0`, `text2_1`, `lang2`, `prob2`, `em2_0`, `em2_1`, `em2_2`, `em2_3`, `em2_4`, `em2_5`, `text3_0`, `text3_1`, `lang3`, `prob3`, `em3_0`, `em3_1`, `em3_2`, `em3_3`, `em3_4`, `em3_5`, `text4_0`, `text4_1`, `lang4`, `prob4`, `em4_0`, `em4_1`, `em4_2`, `em4_3`, `em4_4`, `em4_5`, `text5_0`, `text5_1`, `lang5`, `prob5`, `em5_0`, `em5_1`, `em5_2`, `em5_3`, `em5_4`, `em5_5`, `text6_0`, `text6_1`, `lang6`, `prob6`, `em6_0`, `em6_1`, `em6_2`, `em6_3`, `em6_4`, `em6_5`, `text7_0`, `text7_1`, `lang7`, `prob7`, `em7_0`, `em7_1`, `em7_2`, `em7_3`, `em7_4`, `em7_5`) VALUES
(8322, 'Need TXT YTDB', '', 0, 100, 0, 0, 0, 0, 0, 0, '', '', 0, 0, 0, 0, 0, 0, 0, 0, '', '', 0, 0, 0, 0, 0, 0, 0, 0, '', '', 0, 0, 0, 0, 0, 0, 0, 0, '', '', 0, 0, 0, 0, 0, 0, 0, 0, '', '', 0, 0, 0, 0, 0, 0, 0, 0, '', '', 0, 0, 0, 0, 0, 0, 0, 0, '', '', 0, 0, 0, 0, 0, 0, 0, 0);
DELETE FROM `gossip_menu_option` WHERE `menu_id` = 7394 AND `id` = 2;
DELETE FROM `locales_gossip_menu_option` WHERE `menu_id` = 7394 AND `id` = 2;

ALTER TABLE `creature_linking_template` CHANGE `search_range` `search_range` MEDIUMINT(8) UNSIGNED NOT NULL DEFAULT '0' COMMENT 'search_range - describing in which range (spawn-coords) master and slave are linked together';
ALTER TABLE `gossip_menu` CHANGE `script_id` `script_id` MEDIUMINT(8) UNSIGNED NOT NULL DEFAULT '0' COMMENT 'script in `dbscripts_on_gossip` - will be executed on GossipHello';
ALTER TABLE creature_template DROP INDEX skinloot;
ALTER TABLE creature_template DROP INDEX pickpocketloot;
ALTER TABLE creature_template DROP INDEX lootid;
ALTER TABLE item_template DROP INDEX DisenchantID;


# Gossip_FIX
UPDATE `gossip_menu_option` SET `action_menu_id` = '-1' WHERE `action_menu_id` =0 AND `action_script_id` >0;

# NPC_ADDON_FIX
INSERT IGNORE INTO `creature_template_addon`
SELECT
`creature_template`.`difficulty_entry_1`,
`creature_template_addon`.`mount`,
`creature_template_addon`.`bytes1`,
`creature_template_addon`.`b2_0_sheath`,
`creature_template_addon`.`b2_1_pvp_state`,
`creature_template_addon`.`emote`,
`creature_template_addon`.`moveflags`,
`creature_template_addon`.`auras`
FROM
`creature_template`, `creature_template_addon`
WHERE
`creature_template_addon`.`entry`=`creature_template`.`entry`
AND `creature_template`.`difficulty_entry_1`>0;
INSERT IGNORE INTO `creature_template_addon`
SELECT
`creature_template`.`difficulty_entry_2`,
`creature_template_addon`.`mount`,
`creature_template_addon`.`bytes1`,
`creature_template_addon`.`b2_0_sheath`,
`creature_template_addon`.`b2_1_pvp_state`,
`creature_template_addon`.`emote`,
`creature_template_addon`.`moveflags`,
`creature_template_addon`.`auras`
FROM
`creature_template`, `creature_template_addon`
WHERE
`creature_template_addon`.`entry`=`creature_template`.`entry`
AND `creature_template`.`difficulty_entry_2`>0;
INSERT IGNORE INTO `creature_template_addon`
SELECT
`creature_template`.`difficulty_entry_3`,
`creature_template_addon`.`mount`,
`creature_template_addon`.`bytes1`,
`creature_template_addon`.`b2_0_sheath`,
`creature_template_addon`.`b2_1_pvp_state`,
`creature_template_addon`.`emote`,
`creature_template_addon`.`moveflags`,
`creature_template_addon`.`auras`
FROM
`creature_template`, `creature_template_addon`
WHERE
`creature_template_addon`.`entry`=`creature_template`.`entry`
AND `creature_template`.`difficulty_entry_3`>0;

# NPC_FIX
UPDATE
`creature_template`, `creature_template` AS `copy`
SET
`copy`.`RegenHealth`=`creature_template`.`RegenHealth`,
`copy`.`unit_class`=`creature_template`.`unit_class`,
`copy`.`unit_flags`=`creature_template`.`unit_flags`,
`copy`.`npcflag`=`creature_template`.`npcflag`,
`copy`.`dynamicflags`=`creature_template`.`dynamicflags`,
`copy`.`equipment_id`=`creature_template`.`equipment_id`,
`copy`.`faction_A`=`creature_template`.`faction_A`,
`copy`.`faction_H`=`creature_template`.`faction_H`,
`copy`.`speed_run`=`creature_template`.`speed_run`,
`copy`.`speed_walk`=`creature_template`.`speed_walk`,
`copy`.`scale`=`creature_template`.`scale`,
`copy`.`dmgschool`=`creature_template`.`dmgschool`,
`copy`.`mingold`=`creature_template`.`mingold`,
`copy`.`maxgold`=`creature_template`.`maxgold`,
`copy`.`Vehicle_Id`=`creature_template`.`Vehicle_Id`,
`copy`.`mechanic_immune_mask`=`creature_template`.`mechanic_immune_mask`
WHERE
`copy`.`entry`=`creature_template`.`difficulty_entry_1`;
UPDATE
`creature_template`, `creature_template` AS `copy`
SET
`copy`.`RegenHealth`=`creature_template`.`RegenHealth`,
`copy`.`unit_class`=`creature_template`.`unit_class`,
`copy`.`unit_flags`=`creature_template`.`unit_flags`,
`copy`.`npcflag`=`creature_template`.`npcflag`,
`copy`.`dynamicflags`=`creature_template`.`dynamicflags`,
`copy`.`equipment_id`=`creature_template`.`equipment_id`,
`copy`.`faction_A`=`creature_template`.`faction_A`,
`copy`.`faction_H`=`creature_template`.`faction_H`,
`copy`.`speed_run`=`creature_template`.`speed_run`,
`copy`.`speed_walk`=`creature_template`.`speed_walk`,
`copy`.`scale`=`creature_template`.`scale`,
`copy`.`dmgschool`=`creature_template`.`dmgschool`,
`copy`.`mingold`=`creature_template`.`mingold`,
`copy`.`maxgold`=`creature_template`.`maxgold`,
`copy`.`Vehicle_Id`=`creature_template`.`Vehicle_Id`,
`copy`.`mechanic_immune_mask`=`creature_template`.`mechanic_immune_mask`
WHERE
`copy`.`entry`=`creature_template`.`difficulty_entry_2`;
UPDATE
`creature_template`, `creature_template` AS `copy`
SET
`copy`.`RegenHealth`=`creature_template`.`RegenHealth`,
`copy`.`unit_class`=`creature_template`.`unit_class`,
`copy`.`unit_flags`=`creature_template`.`unit_flags`,
`copy`.`npcflag`=`creature_template`.`npcflag`,
`copy`.`dynamicflags`=`creature_template`.`dynamicflags`,
`copy`.`equipment_id`=`creature_template`.`equipment_id`,
`copy`.`faction_A`=`creature_template`.`faction_A`,
`copy`.`faction_H`=`creature_template`.`faction_H`,
`copy`.`speed_run`=`creature_template`.`speed_run`,
`copy`.`speed_walk`=`creature_template`.`speed_walk`,
`copy`.`scale`=`creature_template`.`scale`,
`copy`.`dmgschool`=`creature_template`.`dmgschool`,
`copy`.`mingold`=`creature_template`.`mingold`,
`copy`.`maxgold`=`creature_template`.`maxgold`,
`copy`.`Vehicle_Id`=`creature_template`.`Vehicle_Id`,
`copy`.`mechanic_immune_mask`=`creature_template`.`mechanic_immune_mask`
WHERE
`copy`.`entry`=`creature_template`.`difficulty_entry_3`;

# Final_FIX
UPDATE quest_template SET SpecialFlags=SpecialFlags|1 WHERE QuestFlags=QuestFlags|4096;
UPDATE quest_template SET SpecialFlags=SpecialFlags|1 WHERE QuestFlags=QuestFlags|32768;
DELETE FROM `creature_addon` WHERE `guid` NOT IN (SELECT `guid` FROM `creature`);
DELETE FROM `creature_movement` WHERE `id` NOT IN (SELECT `guid` FROM `creature`);
# DELETE FROM `game_event_gameobject` WHERE `guid` NOT IN (SELECT `guid` FROM `gameobject`);
# DELETE FROM `game_event_creature` WHERE `guid` NOT IN (SELECT `guid` FROM `creature`);
# UPDATE creature_template SET unit_flags=unit_flags&~2048 WHERE unit_flags&2048=2048;
# UPDATE creature_template SET unit_flags=unit_flags&~524288 WHERE unit_flags&524288=524288;
# UPDATE creature_template SET unit_flags=unit_flags&~67108864 WHERE unit_flags&67108864=67108864;
# UPDATE creature_template SET unit_flags=unit_flags&~8388608 WHERE unit_flags&8388608=8388608;
UPDATE `creature`, `creature_template` SET `creature`.`curhealth`=`creature_template`.`minhealth`,`creature`.`curmana`=`creature_template`.`minmana` WHERE `creature`.`id`=`creature_template`.`entry` and `creature_template`.`RegenHealth` = '1';
UPDATE `creature` SET `spawndist` = 5 WHERE `spawndist` = 0 AND `MovementType`=1;
UPDATE `creature` SET `spawndist`=0 WHERE `MovementType`=0;
UPDATE `creature` SET `spawntimesecs` = 300 WHERE `spawntimesecs` = 25;
UPDATE `gameobject` SET `spawntimesecs` = 300 WHERE `spawntimesecs` = 25;
UPDATE `creature_template` SET `scale` = 1 WHERE `scale` = 0;
UPDATE `creature` SET `spawndist` = 0, `MovementType` = 2 WHERE guid in (select distinct(id) from creature_movement);
# UPDATE `creature` SET `spawndist` = 0, `MovementType` = 2 WHERE id in (select distinct(entry) from creature_movement_template);
# UPDATE `creature` LEFT JOIN (`creature_movement`) ON (`creature_movement`.`id`=`creature`.`guid`) LEFT JOIN (`creature_movement_template`) ON (`creature_movement_template`.`entry`=`creature`.`id`) SET `creature`.`spawndist`=5, `creature`.`MovementType`=1 WHERE `creature`.`MovementType`=2 AND (`creature_movement`.`id` IS NULL AND `creature_movement_template`.`entry` IS NULL);
# UPDATE gameobject_template, gameobject set gameobject.animprogress = 100 where gameobject_template.entry = gameobject.id and gameobject_template.type = 0;
# UPDATE gameobject_template, gameobject set gameobject.animprogress = 100 where gameobject_template.entry = gameobject.id and gameobject_template.type = 3;
# UPDATE gameobject_template, gameobject set gameobject.animprogress = 100 where gameobject_template.entry = gameobject.id and gameobject_template.type = 10;
# UPDATE gameobject_template, gameobject set gameobject.animprogress = 100 where gameobject_template.entry = gameobject.id and gameobject_template.type = 25;
UPDATE `gameobject` SET `state`=1 WHERE `state`=0 AND `id` IN (SELECT entry FROM `gameobject_template` WHERE `type`=3);
UPDATE `creature_template` SET `npcflag`=`npcflag`|2 WHERE `entry` IN (SELECT `id` FROM `creature_questrelation`);
UPDATE `creature_template` SET `npcflag`=`npcflag`|2 WHERE `entry` IN (SELECT `id` FROM `creature_involvedrelation`);
UPDATE `gameobject` SET `state` = 0 WHERE `id` IN (SELECT `entry` FROM `gameobject_template` WHERE `type` = 0 AND `data0` = 1);
UPDATE `gameobject_template` SET `flags`=`flags`&~4 WHERE `type` IN (2,19,17);
# DELETE FROM `gameobject_scripts` WHERE `id` NOT IN (SELECT `guid` FROM `gameobject`);
# DELETE FROM `gameobject_scripts` WHERE `command` in (11, 12) and `datalong` NOT IN (SELECT `guid` FROM `gameobject`);
DELETE FROM `creature_onkill_reputation` WHERE `creature_id` NOT IN (SELECT `entry` FROM `creature_template`);
# UPDATE creature_addon SET moveflags=moveflags &~ 0x00000100;
# UPDATE creature_addon SET moveflags=moveflags &~ 0x00000800;
# UPDATE creature_addon SET moveflags=moveflags &~ 0x00200000;
# UPDATE creature_addon SET moveflags=moveflags &~ 0x08000000;
# UPDATE creature_template_addon SET moveflags=moveflags &~ 0x00000100;
# UPDATE creature_template_addon SET moveflags=moveflags &~ 0x00000800;
# UPDATE creature_template_addon SET moveflags=moveflags &~ 0x00200000;
# UPDATE creature_template_addon SET moveflags=moveflags &~ 0x08000000;
UPDATE `creature_template` SET `ScriptName` = '' WHERE `AIName` = 'EventAI' AND `ScriptName` = 'generic_creature';
UPDATE `creature_template` SET npcflag = npcflag|1 WHERE `gossip_menu_id` > 0;
UPDATE quest_template SET SpecialFlags=SpecialFlags|1 WHERE SpecialFlags=4;

UPDATE db_version SET `cache_id`= '633';
UPDATE db_version SET `version`= 'YTDB_0.14.6_R633_MaNGOS_R12319_SD2_R2780_ACID_R310_RuDB_R57';
